,t_measure10,t_measure30,t_over10,t_over30,t_under10,t_under30
0,0.14188600211622956,0.2789646420882122,0.17165018899629028,0.3178709497407483,0.1209186731245555,0.24854374511579244
1,0.08426350738236744,0.21495273196001727,0.07142296657062079,0.1874845443470089,0.10273302262466351,0.2518512221513759
2,0.1400968079732644,0.24974963645674292,0.12891267890045116,0.20989147814562106,0.15340590576947535,0.30829440025790383
3,0.14283513432667622,0.29893709637812743,0.16397203113524347,0.32241907218681287,0.12652532405206193,0.27864333402571845
4,0.2704298995361159,0.3900679340411376,0.1865223853073104,0.2740275342348702,0.4915586736088465,0.676569991195632
5,0.18980107468441895,0.32402027021410856,0.14005533347638607,0.23860581343324644,0.2943502693502693,0.5046833048076826
6,0.14663740595473537,0.27559376541029534,0.21839438539231718,0.39271114587510925,0.11037268829592665,0.21228459730821866
7,0.1752776910440566,0.30283184799762497,0.16046751587542457,0.26159540774518225,0.1930996099045784,0.3595016878892206
8,0.1443935060798317,0.29410421482119137,0.09190349814759102,0.19391056638339346,0.3366935596422675,0.6085338284900427
9,0.1962673294778869,0.2680066236014333,0.1451830619027498,0.19499006473984476,0.3028167581602461,0.4284424597822979
10,0.13013622335707692,0.2908767863347726,0.13349883040526134,0.281166289028811,0.1269388509633122,0.30128201008094474
11,0.1607370104910318,0.23469957524979584,0.10196674999275203,0.1477442459130879,0.37942505872887583,0.5704249016814451
12,0.10056202579752466,0.19353341026060697,0.06100551622290748,0.1203318312122893,0.2860196929767063,0.49412486859598476
13,0.11961888014815557,0.25835460044640346,0.10221922557266952,0.21024147937158086,0.14415716972938306,0.3350237674083177
14,0.08796361214428561,0.21521156362740368,0.05159210495720101,0.13127108533631093,0.2981635792959918,0.5968876652544018
15,0.17303770997427742,0.32609437862204893,0.1733226152433606,0.30275330572336756,0.17275373981459632,0.3533351067259008
16,0.1453069061933387,0.2736131461123067,0.13751676850695493,0.2422388082544091,0.1540326458419249,0.3143238038743638
17,,,,,,
18,0.1666203832639587,0.31475394891721514,0.11259237183095537,0.2185211375295429,0.32033448362782707,0.5624444550783296
19,0.23449280630972386,0.3365340235054016,0.20087541644530255,0.2777149889718097,0.281623794587313,0.42696331627645556
20,0.15428058511526824,0.22607073983740522,0.11911230847494134,0.17033631085653053,0.21891629749390487,0.3360159116609595
21,0.1803815507374486,0.304089812082358,0.1842242970417606,0.3033944593082266,0.17669584097602656,0.3047883595502964
22,0.2995846285206157,0.4262379650887812,0.23258607766210565,0.33103339475471755,0.42079989369076054,0.5983110881518036
23,,,,,,
24,0.12813128071000365,0.2591329338906706,0.08872060076910436,0.18032983411985024,0.2305394941012334,0.4602669364194047
25,0.1827875448804782,0.32354869861035623,0.18186253937393368,0.3056515138254857,0.18372200818352127,0.34367215206191704
26,0.18638430710632692,0.3564099048849935,0.13681937316057577,0.26397605121812284,0.2922600190286164,0.5484579342552593
27,0.2483876598551207,0.3461483363458175,0.16502123642577274,0.23646990319414193,0.5019819069819068,0.6455770530864057
28,0.12319790699735293,0.23738617314323904,0.13133269001380457,0.23790104247746283,0.11601208639180542,0.23687352757360636
29,,,,,,
30,0.1852524893294153,0.30446908550550317,0.15792692053818205,0.2518272605440451,0.22401265201690757,0.38493585386372686
31,0.09351951068004821,0.19641871879620412,0.0858811148177333,0.1787728483569545,0.10264929365488598,0.21792957506939417
32,0.13840068744416759,0.26721983575515695,0.1331539858492277,0.2356093664760572,0.14407782390897172,0.3086266498358679
33,0.1970004721979065,0.277545082427162,0.1356475531019114,0.19440056362790264,0.3596845501848646,0.4849616983876648
34,0.14620882043684003,0.2618588375674423,0.15228113519558695,0.26119152509575777,0.1406022108021675,0.2625295685769309
35,0.1822474749106935,0.29057415003807946,0.17583798000259726,0.2601753874520585,0.18914191336242117,0.32901624398820256
36,0.16591543228011774,0.3293852341191334,0.16637991477956873,0.3094470874893806,0.1654535359507248,0.35206961504375234
37,0.13809293515441426,0.26913566545740486,0.10253763673951245,0.1994605176293205,0.21139487774426968,0.41362088212915293
38,0.14516791415941602,0.24759215013616226,0.08553730301426317,0.1519307153391047,0.4793075057262778,0.6685149004957511
39,0.06534550833812729,0.16846868491560474,0.039054743746872386,0.10657349329933034,0.19994173071267546,0.4018571786897013
40,0.16196896247080056,0.2645203690260816,0.10106610028923478,0.1671220798238818,0.40757598680001683,0.6340331446878104
41,0.19160292325406883,0.27916935498270723,0.12082863413077309,0.17969097969745026,0.4625196775383643,0.6253906760160295
42,0.1428207038350659,0.23747825398381042,0.16334030202178085,0.26689669118426435,0.12688126596897292,0.21390119553465273
43,0.20809396955252496,0.28977065550499564,0.14171629167759198,0.19674430210044996,0.3914367971077901,0.5496707764021905
44,0.1343630716737138,0.2762046161004841,0.09952391068683639,0.19989399383253165,0.2067309281846408,0.44675625149501424
45,0.2783231931331958,0.3969767298194446,0.18792476960271545,0.26883682706107154,0.5363045377082809,0.7585237914095108
46,0.13664255828191874,0.25611733837653755,0.10006104676631286,0.18345420593386075,0.2153859091834391,0.4240937600582096
47,0.09209766039619006,0.1837034092663227,0.09626625872203046,0.18236431476126438,0.08827510153340017,0.18506231508928403
48,0.1581642776629919,0.27196334052279997,0.13448017559086903,0.23413460987614435,0.19197394958877628,0.32437149047114966
49,0.23032226979187337,0.3219467791404338,0.17210737264295717,0.24049788076928924,0.3480489869334316,0.4868155516389894
50,0.044535270518392005,0.13330755363065516,0.029489433093182284,0.09367892839724239,0.0909274885858976,0.23104604489498448
51,0.24518941858121734,0.3725991752627501,0.17828381096028142,0.2819576739748102,0.3924762892664912,0.5491286769256364
52,0.08802624752354138,0.13467484568936536,0.0598691567210719,0.08756362019416865,0.1661846068963716,0.2915183915663601
53,0.14546202160673571,0.27334083552119065,0.12073873263916349,0.2210565225214066,0.1829174501968618,0.35801969254700616
54,0.23949333092420924,0.3412557142900014,0.16621294709688253,0.23582175094018196,0.42834170222443735,0.6172013617950128
55,0.16643498473963578,0.3099765718681105,0.12637334873239728,0.2279555724523824,0.24368588808738095,0.48419565985418894
56,0.024751143796769064,0.06358558194973365,0.03129502284098796,0.07840996379273789,0.0204706683299203,0.05347539197515921
57,0.057795130627554495,0.11154456314736444,0.03754675931605527,0.07075938545440852,0.12544636290625596,0.2633205455137431
58,0.1325605262650513,0.24304176138483635,0.16284021222432477,0.2859276279599255,0.1117760750321401,0.21134276872133786
59,0.18793237850144554,0.3151079908451448,0.1383186473920992,0.2309825130438655,0.2930452277598751,0.4956142243058751
60,0.20476123513989836,0.3390545086169068,0.214038662753566,0.33046663989583297,0.19625464909868795,0.34810063364920746
61,0.25768488892048375,0.34423963621270526,0.18245022239234618,0.2368155178612987,0.4385060070036349,0.6300363704765746
62,0.1660209087028279,0.3031691351461723,0.14487976040037306,0.2521139211471405,0.19438612625850346,0.38015344133385287
63,0.08866412041385481,0.18589563066852582,0.059595346903969004,0.12252868538590755,0.17309407596409496,0.3850046872359031
64,0.17533818066826254,0.2627916789758516,0.2166208689750288,0.3027022967230458,0.14727175329093725,0.23217935292572073
65,0.10707356942823035,0.19946129540467042,0.1113384907312801,0.19172564223788258,0.10312333699813196,0.20784742233058992
66,0.1644478535228955,0.26984647338964246,0.13754059164933044,0.2305423494652911,0.20444340882485204,0.32530651125945187
67,,,,,,
68,0.09558933318964266,0.22396779776223025,0.11076345681608842,0.24278707339725672,0.08407184687545217,0.2078561409349063
69,0.21913781679666464,0.33355656145597273,0.1550071430327943,0.2341885405796432,0.3737813229910606,0.5794008545586284
70,0.06404969466459128,0.2032613462585788,0.04533940038003506,0.14230186670968006,0.10905265615017937,0.35558913393267305
71,0.07031936859325215,0.1396596151737336,0.06382907191119674,0.12582975126766657,0.07827896596590517,0.15690493136579842
72,0.23177607308032255,0.29640702688661186,0.15074010989092806,0.19028440539822006,0.5012320267805092,0.6701573118673723
73,0.16233560200903566,0.3397198364448355,0.19068272667695685,0.3780270080244302,0.14132591990435125,0.3084619991083442
74,0.18135277151924378,0.22064457873631088,0.2280415525284194,0.28064229742508096,0.1505329500388816,0.18178193565564946
75,,,,,,
76,0.0814646733432207,0.1805788288332181,0.11204546420632859,0.24000147895831045,0.0639976639414273,0.14474179526279948
77,0.2567974734201033,0.3373583515221487,0.16630734985039794,0.22802154233923339,0.5632929262627364,0.6481454656327599
78,0.0478706815460559,0.15275206286507279,0.054955190786110594,0.16110676454111664,0.04240417726576897,0.14522115956223836
79,0.17007306966332408,0.30249660271974926,0.160011537131196,0.259898588838883,0.1814848447268312,0.36179582217216133
80,0.15670883532797283,0.31072736579041954,0.16957428160121787,0.32497505351234307,0.14565790291898495,0.2976765117753569
81,0.17376327096895797,0.2855352211261294,0.12397356014994322,0.20228345801920422,0.2903873487236225,0.48524094324824485
82,0.10819929878926035,0.2012046406041521,0.06251987936912916,0.12379192858869892,0.4016877881373679,0.5370403456912239
83,0.17103369949073685,0.32841257285658443,0.10730834142394395,0.22512056207674486,0.42111258124647905,0.6068562927779171
84,0.07591661588395208,0.23478331773026043,0.06290722661343943,0.18866382090109718,0.09570963419347842,0.31074627555478146
85,0.1423005122892077,0.24823435511570843,0.22315955048491815,0.4104207460851826,0.10445321285795632,0.1779239597931146
86,0.1389943571523858,0.21550640893958295,0.08161129006042386,0.13066368308953522,0.46819400717466764,0.6145410925020737
87,0.21282165630157207,0.3471456208673705,0.21506627527795327,0.3455272661930055,0.21062340696870485,0.3487792067367661
88,0.23075440640230568,0.3195754400722735,0.1447385560998228,0.21437195080672825,0.5687588666572371,0.6275439769971275
89,0.15237869956602265,0.30339157071903633,0.12787264398423565,0.2523632666759595,0.1885045013241943,0.3802861006720229
90,0.17877818646757937,0.2727447479813705,0.12243579505029889,0.20016846907943012,0.3311805444208293,0.427885896283625
91,0.05673178130370611,0.18589297280295367,0.05423727009784319,0.17550104176948253,0.05946681258578555,0.19759303553337385
92,0.1417596887628407,0.2968750448642413,0.10029394401754888,0.2105762122934801,0.2416806644535597,0.5030265572982686
93,0.3177943921746445,0.4638546774131029,0.31996526950861326,0.4498518876689519,0.31565277395018787,0.4787572194869132
94,0.14682212600757574,0.2827017274613841,0.12577745134504684,0.23191946522874737,0.17632410211250227,0.36195785497193034
95,,,,,,
96,0.024388173622689514,0.12000777368703167,0.017027310924369748,0.08339898765092137,0.0429594206103494,0.2139021951247843
97,0.09290975503331818,0.19570620515037923,0.057497159453599116,0.12290984926564204,0.24189053632450022,0.4799948786757203
98,0.10052298652433728,0.19405962577616245,0.06231658846303815,0.12362151812349366,0.25981750778130863,0.45107948761741373
99,0.18261735077679492,0.2684815719937887,0.15062091367238428,0.21263077836910071,0.23187450872054882,0.36412457702342954
100,0.08513455719822079,0.20288823572677492,0.04840767939373337,0.12767592632133268,0.35281537133317303,0.4937506210760507
101,0.2423435911627673,0.3136803447595906,0.15550632423193722,0.20840411038598294,0.5488055689717721,0.633895273740984
102,0.10670833046011621,0.2969024075922849,0.11068839052192293,0.29761437805200563,0.10300456048533779,0.29619383543739414
103,0.14570924851306968,0.27072490206328825,0.09824961026539217,0.1866030992364136,0.2818642403165558,0.4929495189405302
104,0.1533177784915093,0.3146047026208292,0.18092328810859742,0.3507914129284541,0.13302122734471958,0.28518570306614066
105,0.11791275799463403,0.2947019307103635,0.08501492933604135,0.21559258398316844,0.19234271781103018,0.46551907783016194
106,0.15155384883273967,0.2556045016642894,0.15582736568015318,0.22728522823751635,0.14750847496563715,0.29198526730145774
107,0.3197835645336229,0.39651498776486455,0.3196568409803704,0.3841553773366137,0.31991038860233906,0.4096963395012986
108,0.05963064527028244,0.09384686823062162,0.07941540731206266,0.11622024027529805,0.04773774090575332,0.07869702933830773
109,0.1319109347428036,0.2476860661894329,0.08186449401816456,0.15551820553009588,0.33939291723985326,0.6080423496852817
110,0.14057634661129703,0.290961029701935,0.15617149140323186,0.3160814898660457,0.12781305026756806,0.26953947875449735
111,0.1090653814510871,0.23021549233255914,0.10508510370717666,0.2119108878495931,0.1133590490014233,0.2519813330879382
112,0.14430865243938312,0.24918127136672258,0.11156763807076144,0.1941688599714622,0.20424793996852816,0.3476895528921286
113,0.12804148152564548,0.2289757452036168,0.0934571172071882,0.1624747483075745,0.20325850515162192,0.3876349108306989
114,0.12473283938696178,0.2305094904325849,0.07891773831698211,0.14473618018488033,0.2973670497859137,0.5658317374497459
115,0.18920555057763688,0.3459462145919223,0.2068784856144971,0.3605891707482481,0.17431445171808602,0.332446103888436
116,0.19794131456389216,0.30462309491615713,0.1603584521209299,0.2422302492230655,0.258533173389791,0.41030912786918494
117,0.07156702970319653,0.21183277289240923,0.04494289118981099,0.13454508549289895,0.17558123555366204,0.49777075955356725
118,0.050479759385329885,0.166706939068226,0.06671573032407807,0.21107616596123807,0.04059945682494702,0.13775101263122821
119,0.14457585637499995,0.2522147172871044,0.11189239608732658,0.1930016318224596,0.20423123758527706,0.3638416989438205
120,0.06036385019867642,0.14603726047767132,0.04306851794496443,0.10073262270261095,0.10087156460410798,0.2654023284347868
121,0.08402167028738289,0.2697008235947579,0.08017155931315109,0.2431747274878636,0.08826022657643823,0.30272254139274773
122,0.13780940680903236,0.22408680396299738,0.09984591319286545,0.1616612103920304,0.2223524251885597,0.36505183443219685
123,0.11379972158967115,0.2656865796785594,0.09239926993223141,0.21979256665616256,0.1481012142016199,0.33580460592346717
124,0.11347798103003952,0.20046362159179837,0.09803273338065302,0.16712739371786012,0.13470027039073615,0.2504123676668197
125,0.316069571189074,0.46659024025952667,0.2862343184896541,0.4141499242176137,0.3528482368911489,0.5342360508994151
126,0.11993827716560151,0.24688339610518703,0.09296826916537958,0.18330673034741934,0.16895072442681533,0.37797848244892784
127,0.170201659716958,0.29899532669812773,0.11588734256957332,0.20425035616982887,0.3203386208536244,0.5576885704153546
128,0.10541110472463948,0.24863922512667472,0.08261906835862508,0.18682999636975667,0.1455691010725525,0.371564392178835
129,0.11309603896572291,0.20998754617533572,0.0703591979045203,0.1316675298261275,0.28807630836655596,0.5182723560512047
130,0.15405367923545918,0.240865549444596,0.12466924914839926,0.19167221692241365,0.20156155731868877,0.3240286028110283
131,0.16796039882426525,0.2511143633078174,0.10722865504229023,0.1660057351684256,0.38734116263039153,0.5153017953695692
132,0.09301738860457322,0.21526048455601887,0.07719699824988199,0.1805590211769495,0.11699348386241593,0.2664738322533158
133,0.09352889895696223,0.1934552389682466,0.055458653736989376,0.1193116840286763,0.29830141249442016,0.5110123179983226
134,0.1742769781184412,0.26000326131799567,0.1995624815984856,0.2838214460470783,0.15467848745299717,0.23987319649958522
135,0.11637504884765565,0.18125416921058357,0.10558506734493568,0.16228655868676337,0.1296213538991052,0.20524233359130625
136,0.2253412193085114,0.370973949245283,0.17847306590289871,0.28671477557945424,0.30559146707473295,0.5253680885998084
137,0.1117986138242999,0.20122153085666675,0.08202699934849747,0.14554809411885383,0.17549396766802158,0.32586950721487995
138,0.20392787137024204,0.3062520422463728,0.16249665291034177,0.2277706891881124,0.273716413633819,0.4672486363463369
139,0.0759380569068456,0.21831323605658412,0.05013663360080874,0.15149485878073163,0.15645143351458232,0.3905846378896956
140,0.11936800495052106,0.2153959384935787,0.11381801153970618,0.1922005989768951,0.12548700160702977,0.24495822513383253
141,0.08355891018554988,0.15240842426182488,0.0786960889480176,0.1420234732912454,0.08906228360562725,0.16443191089445966
142,0.12853093445540797,0.2892332703041439,0.13066563490849104,0.2789254393474548,0.12646486253420303,0.3003321989082897
143,0.13090011568273585,0.1952685764431983,0.1474818008413342,0.20933584739563998,0.11767020963602343,0.18297288427186467
144,0.07097049302705803,0.17240351870047016,0.06216499372338188,0.1412462497181703,0.08268219745243814,0.22119698349358433
145,0.13921511106791143,0.2681415879931334,0.10229248031663349,0.19004063196971516,0.21784751079249037,0.4552255168580719
146,0.18671925509787934,0.269480363107684,0.15157696362804712,0.21790612104810772,0.24307482654453005,0.35303767973113453
147,0.1187303378626075,0.21020374122954394,0.07297284109258895,0.13152913438155267,0.31835313105085705,0.5230945657423581
148,0.08687501139961509,0.15755282221248584,0.06608301408798814,0.12212221314591712,0.12675720288115247,0.22194420717331592
149,0.22409307985023783,0.3461433704157856,0.2548025121623413,0.3636143387811146,0.19998981061595314,0.330274325451324
150,0.17290589129989184,0.2858654579754588,0.11545490811826463,0.19644532905414278,0.34416349953805275,0.5247075818359324
151,0.15028971370487337,0.270919647368003,0.200378891736823,0.339337291120859,0.12023443267410668,0.22546174524595014
152,0.13408481819503282,0.2775029283857306,0.09339679782169279,0.1939301925739486,0.23759026982158343,0.48765346647721036
153,0.0950563992002666,0.25630856834481675,0.06816402766112171,0.18363409464767871,0.15699459709840324,0.4241812606715992
154,0.1569827290041077,0.2681396184672857,0.16920261554324484,0.2619941310555276,0.14640900680859292,0.27458033523801323
155,0.2026953937779292,0.321669014414984,0.15575271059604837,0.23704094269845746,0.2901419819156783,0.5002774760594272
156,0.13786705323820356,0.2609706587192313,0.14714737296587138,0.263925426193554,0.12968787273677834,0.25808131873660306
157,0.13631522376899144,0.2646604644475943,0.16782154034476007,0.3096942296004243,0.11476885960035992,0.23106103790821886
158,0.14826973013920128,0.34092678424504264,0.14961563675494824,0.3280535592355753,0.1469478225443687,0.35485159721320214
159,0.2431344067772711,0.35898787477976035,0.1683873460355154,0.25424415940013345,0.43721307937826703,0.6105036747964523
160,0.10022747731547878,0.26064143198471224,0.07765360165219407,0.19634802476965532,0.14130470800867215,0.38753987774924764
161,0.1811973655295863,0.371606327551138,0.1599838234455453,0.312768543198161,0.20889665316860048,0.4577104807623914
162,0.12816803899765938,0.2871430841655812,0.09932062357955337,0.21142967787594447,0.18063218474534962,0.44733449482382526
163,0.09631270885469163,0.20874971023175495,0.07087063594823526,0.148492938241637,0.15025223052183834,0.35130558303092596
164,0.1539240168669824,0.2835300063019133,0.12460445940298406,0.22697675472635137,0.20128707193430836,0.37761646432657614
165,0.2408923405554572,0.33442442219672813,0.23581795422467572,0.29989355423395614,0.2461899131433383,0.37794209127323203
166,0.11869253449194875,0.22301820169648112,0.08322283214695125,0.1592473066137325,0.20685406204967796,0.37197719705330035
167,0.1437850258591951,0.2492996711493745,0.12320791296636849,0.2078327131180018,0.17261341565331695,0.3114380541080737
168,0.15392999960907075,0.27791222950565947,0.11885912184184409,0.21713850462520864,0.21835980429851362,0.385927355446806
169,0.07233689052954792,0.21515412918368476,0.06647787155299939,0.18627645587161556,0.07932849786461948,0.2546280727128138
170,0.17521827281792737,0.2875797939638885,0.11435886270736006,0.19710998388651452,0.3745414472933759,0.5315524771720743
171,0.2662801932465767,0.36233162318126705,0.19965235964885825,0.2705525508799993,0.3996516318276142,0.5483461288303474
172,0.1715503351513064,0.2925476031154462,0.11894818545747328,0.2032069473868572,0.3075632303573477,0.5220834412772846
173,0.10058463651036365,0.2353754771540708,0.0720618474197092,0.16191487640208257,0.1664784450365512,0.4308530142990545
174,0.10850759691505353,0.166192775655792,0.09907084850325303,0.13513287240279728,0.11993136188632773,0.21579193262598917
175,,,,,,
176,0.25482727858790344,0.32671352029016637,0.19478566641106998,0.23801673130260206,0.36837767396531385,0.5207829775862451
177,0.06709322986600963,0.11552608956827332,0.06870176847070851,0.11655934924439292,0.06555829061111963,0.11451098793062392
178,0.14449149876918055,0.29818222309584386,0.10360880134202391,0.21638415133949604,0.23866604264000854,0.47940996192891105
179,0.1225863149543945,0.23206539762380915,0.0752841111601063,0.15272735696591372,0.3298131768175343,0.4829413408563915
180,0.07407407407407406,0.09100040589502922,0.0572289156626506,0.06868981417185734,0.10497237569060773,0.1347758897296977
181,0.1496106107565683,0.2535159059418223,0.09825505550684271,0.18400578704192624,0.31343615142399095,0.4074249668782693
182,0.07892630630435751,0.1465280046833318,0.11755674566760536,0.20072321459292697,0.05940512798711389,0.11537640790508973
183,0.1109755248842158,0.2092741725543673,0.0833841704306632,0.1508275299512285,0.1658565160857648,0.3416757235728706
184,0.2288229343047453,0.34919559538485695,0.21795796640334453,0.3043525421460001,0.2408279458421202,0.40953634338818135
185,0.10585263927298466,0.22475051199474916,0.08090702681708059,0.16272019255188067,0.15303798915882294,0.3632087861340848
186,0.07097939066122928,0.20417961949179808,0.06622963075623217,0.18922273778202747,0.07646305643957178,0.22170393828330331
187,0.13790218643523933,0.2819517008872847,0.11659424338990904,0.23249731813070773,0.16873990312444415,0.3581291687914534
188,0.14100682644978865,0.26257550460441714,0.16793895225523084,0.28574029338473994,0.12151900082083884,0.24288497034574852
189,0.08121603824338532,0.18433061986412183,0.04951559564116122,0.11353049917858934,0.22573258284378336,0.48974869928832804
190,0.12237781492097947,0.19393983387560138,0.08973838936636554,0.14161456011243317,0.19233252710837567,0.3075923818580027
191,0.20744571208863843,0.34161325285752075,0.18708302819725597,0.2958339451467816,0.23278246074682157,0.40415485728839645
192,0.17722988517931845,0.3243774362501584,0.1445391284342897,0.2533524435001479,0.22903018389482271,0.45073748221771354
193,0.16695310642771022,0.2806140298243486,0.14486686410358715,0.23586881553203098,0.19698526225072505,0.3463104420752509
194,0.20016867008025618,0.254204047360032,0.13841394406810228,0.17187253820756818,0.3614194849268379,0.4879405039617978
195,0.16340372378797213,0.22452180390409188,0.10885969851858268,0.14871777484741364,0.32749442369540405,0.45794359786665306
196,0.1270250345762196,0.26138316022562735,0.08780990536495367,0.18357286709959836,0.22953200216092287,0.45368464789976903
197,0.1812915997738464,0.3149217025412173,0.12393021885378698,0.22130629935628512,0.337507884074729,0.5458036450997458
198,0.10085862421157396,0.21366881836451163,0.10768427925829346,0.2116159208181274,0.0948466901245174,0.21576193663562257
199,0.18371302645625348,0.30674843024178283,0.13528107270952033,0.22596081970378465,0.2861617433374695,0.47745122628740344
200,0.14313703331224256,0.22893121266615837,0.12698805396968235,0.20019056579602063,0.16399174544233766,0.2673076154198676
201,0.0635556682679702,0.19831673953877746,0.043641767222826235,0.1345784168974338,0.11689553790769275,0.37675207990134646
202,0.13648580675114202,0.25458621119973107,0.1274578515846898,0.2240317189288554,0.14689017069531773,0.29479121391110774
203,0.0,0.04056732231186419,0.0,0.4648487625511234,0.0,0.02120912046121152
204,0.06264930741739597,0.14730080269672688,0.04683829829297995,0.1073321192013943,0.09457439007071358,0.23469864842543176
205,0.2189048628307977,0.2841909409210466,0.32407335816999683,0.3717587128744432,0.16527100849404774,0.23001168427504037
206,0.09664753193882529,0.2098640441598006,0.059509008717786166,0.14009703254630457,0.2570976307839363,0.4180480744210772
207,0.057971457584747865,0.19376311362271853,0.041830586245655645,0.13366391052590051,0.09439497733256702,0.3520592467176478
208,0.12403924400494508,0.2493896080288084,0.09548635976164796,0.18613032486813885,0.1769526501633968,0.37778607649192036
209,0.18585869767911536,0.33937821065245916,0.1886928773608292,0.34103939553306645,0.18310839726325853,0.3377331304145942
210,0.10609805262009868,0.26483543563556805,0.06925270419063886,0.18500869229687358,0.22672559611001133,0.4658295278431348
211,0.10602702637255568,0.25374516781469264,0.09925240692684033,0.22065465693930597,0.11379421862703619,0.2985114912904356
212,0.14800851540677962,0.24454498131129151,0.11439566719048841,0.18812498175115594,0.20959324129602758,0.349303567573468
213,,,,,,
214,0.04025743180710907,0.13138797535785715,0.028974231447697903,0.08977371403751667,0.06593330489602654,0.24491944700895177
215,0.17286378827180182,0.32315491500060556,0.18074871207224133,0.31693109350431903,0.1656380472629266,0.32962807700165264
216,0.1687682655464875,0.30502852390189683,0.17528819137484078,0.30025197981591073,0.16271596936483165,0.30995949959637864
217,0.12206686684788402,0.2033781400105568,0.07538368144166387,0.12694216465946415,0.3206164030642207,0.5111702484565865
218,0.10059941369834198,0.21302429122000005,0.05941526097361247,0.13474839556922796,0.3278539262167794,0.5082948603411472
219,0.2235708268285308,0.34858743842329254,0.1397886728473201,0.2325512878666754,0.5580184200423484,0.6957418547579929
220,,,,,,
221,0.1521521777554095,0.24867982341059056,0.09912190755521841,0.16098844157567468,0.32720933694823234,0.5461962234744684
222,0.11366664596796906,0.28206945227927205,0.08670099834202255,0.20980169523992706,0.16497788270220973,0.43028397236238325
223,0.164807208649358,0.26928078620360923,0.11189051668224198,0.180170745293211,0.31268726113341316,0.532793154547609
224,0.14564107252236103,0.2405469847493033,0.10144341537785846,0.1604858209635141,0.2580859835192817,0.4800067750675106
225,0.21142329292876297,0.31182064460043624,0.18435757125723617,0.2677480231823195,0.24780358864249244,0.3732612550181866
226,0.0302320287961029,0.14008128370049375,0.020745533634620155,0.09911963177498014,0.055704540998658646,0.2387429084520863
227,0.05102613754607464,0.11502951672468437,0.03937807553813875,0.08937757979673434,0.07245979510685392,0.16133316742225268
228,0.16460110438069417,0.1954139823303397,0.10222085277275589,0.12846079455747325,0.4223245825916493,0.4081289575402222
229,,,,,,
230,0.13331747730624613,0.29704810603228715,0.12332952250200219,0.26311015963642803,0.145065761408875,0.3410377440296857
231,,,,,,
232,0.17533644304980195,0.3168172670675224,0.12236080278581787,0.21684209030880733,0.30920599086919265,0.5878423272246245
233,0.06168407770910457,0.15287421300560558,0.038035008328689605,0.10124937424590026,0.1630866374345842,0.31191059530336496
234,0.029338516440476383,0.10517624887387905,0.0315118918835084,0.10641346974870161,0.027445593622064206,0.10396746656241787
235,0.11760539658463992,0.2088716415785801,0.08809465520243459,0.15127122403879809,0.17684729794361986,0.3373118057750128
236,,,,,,
237,0.11843026000305272,0.2546473470731566,0.07681492941595999,0.1701081071297201,0.2584464700031651,0.506230590875033
238,0.11451322996834233,0.28690015988360673,0.08764487576407082,0.2228567188079246,0.16513774655633612,0.4025962386150593
239,0.10286181780376161,0.17666435788782214,0.059982748543470334,0.1062819125236517,0.36073726885859203,0.5230224099892161
240,0.04692391684216547,0.1912033147016804,0.03957048445539495,0.15582994598581162,0.057634141014331314,0.24735222332857773
241,0.14937639997737198,0.2815124466481241,0.11613520511945198,0.21415011162606143,0.20927759191097908,0.41070124003894143
242,0.14702849653647107,0.2986268319543059,0.1258109917728113,0.25294578603859913,0.17685423344285572,0.3644440375922656
243,0.19370257302323216,0.29296235373477214,0.13169957513491248,0.20100046026592347,0.36602294657082507,0.5400434880152628
244,0.12902597086169862,0.2613889683898923,0.1476568305060952,0.2832213781326753,0.11456991129751323,0.242681608288331
245,0.13670447472604186,0.23805328899375178,0.11892699716661652,0.20222880934820242,0.1607308936467943,0.2893027680268492
246,0.11552475229171863,0.25470013221759463,0.09812685722535813,0.20276643017990031,0.14042148655147646,0.3423967544193687
247,0.11301371122622825,0.2563750091940503,0.07578445348424832,0.17976450679533096,0.22214080817431386,0.44677981579094916
248,0.2034202262894327,0.35113769581814114,0.1460984658674484,0.25030494772033757,0.3347655540737774,0.5880123716407084
249,,,,,,
250,0.2164056782398816,0.3531252426853066,0.14933382551965327,0.2502444915431536,0.39285087259617274,0.5996566493655402
251,0.1250689796813061,0.22319990173810578,0.29606241269303557,0.49261966946865354,0.07928007799930198,0.1442873642127781
252,0.17809701481938423,0.3110432412301027,0.12045462998545899,0.2141825142541267,0.34153547560399383,0.5678401684289984
253,0.14728645716710795,0.34748905318043233,0.13663229075584973,0.28284128564531286,0.1597427025108686,0.4504453267011803
254,0.15183740421091826,0.27274030850466824,0.14571682957066884,0.24868047721679892,0.15849469001072614,0.3019543897877397
255,0.15798576435502606,0.3577360420777108,0.15507002872171594,0.3315973035065253,0.16101324858393334,0.38834827546962547
256,0.039898528298696806,0.2139886135725897,0.030439123230796675,0.14803893117678155,0.05788810937218923,0.3859049279621372
257,0.07828994832849678,0.23618435361293824,0.06770550992554225,0.20018139583924982,0.09279694397065287,0.2879776061869265
258,0.19965921175260531,0.34027237696074314,0.19487912401335766,0.31723205675939936,0.20467969249165713,0.36692161127498
259,0.21276663258827913,0.3211870511190907,0.1880483316063983,0.2755767461592145,0.24496664897907303,0.38488956038219957
260,,,,,,
261,0.22037846204820047,0.3412205381516314,0.1631723469603794,0.249633361124557,0.33935028392036387,0.5389565734214945
262,0.108432578976117,0.23086116545347607,0.10982124559755907,0.22907836664393022,0.10707859262637068,0.23267193112243412
263,0.08071778264121708,0.2101362952798624,0.05233561049840357,0.13878157672874086,0.1763594173785777,0.43251379606110046
264,0.1092922685805429,0.26657814793560985,0.09173216733548561,0.22172421757820646,0.13516701365285247,0.3341818018347091
265,0.03860142837597414,0.12006851084027172,0.035315441966260186,0.10304024326603418,0.042561650828555724,0.14383913944615995
266,,,,,,
267,0.11702654619119762,0.2413887155103894,0.18184469467773193,0.36853589856648966,0.08627426931569046,0.17947033189679448
268,0.13468863290377567,0.23072238916780888,0.07565437657044884,0.14770971587777876,0.6130993282889562,0.5267619227632654
269,0.28859667473032047,0.4350887374979575,0.24416765385683425,0.3655501345076223,0.3527909044298955,0.5372991575696152
270,0.15448423790423774,0.29478037549395847,0.0990254938961872,0.20483769810270136,0.3511365432795086,0.5255417788180787
271,0.273394384337362,0.3723041096100453,0.18325770349139964,0.25216444364477786,0.5380270276012155,0.7110927230218803
272,0.10935262595368661,0.16698799344325072,0.10796625616672055,0.16616399499195852,0.11077506298094536,0.1678202049520237
273,0.08532815303081365,0.2236181202923224,0.06207660757826169,0.15946953725387997,0.13642946027803304,0.3741074400493551
274,0.145550861864778,0.24699509626695568,0.10835350546889003,0.17967722820160245,0.22163855566279744,0.39497727846455516
275,0.13797598397977365,0.2867274339060707,0.09322758323110789,0.20175946751510263,0.26533383757094203,0.49532691874020346
276,0.13682265677596933,0.24003353689725204,0.09945320002702301,0.17006286023164868,0.2191789723699589,0.40783194433289865
277,0.14150859704411986,0.2408092740632547,0.10376113537878238,0.17668530439368468,0.2224250199874272,0.37799356229180536
278,0.22068209540427483,0.3384934172624772,0.17592915106284093,0.2699966421641756,0.29597146212421355,0.4535590389529551
279,0.11687412029853503,0.22309645984107535,0.07297854230178145,0.1425249984733304,0.2932748822552309,0.5132365976790696
280,0.2143089033193023,0.3144477048018624,0.19158096915615702,0.267915395201842,0.24315528233415717,0.38054118214716004
281,0.17119224146353254,0.29123271246509125,0.14666708685486685,0.24690200101193183,0.20556631851050633,0.3549660942791273
282,0.11109461028119716,0.17324424684995063,0.06761010785433053,0.10446116824703315,0.3113338898677387,0.5072383807132451
283,0.22025502984566023,0.34820742393062953,0.15633968147435626,0.2472797401552947,0.3725707295155821,0.5883391285337687
284,0.13431486968597922,0.2863124776078908,0.09004665207157998,0.19204620820932647,0.2641987320463256,0.5623364706131437
285,0.16446004513653684,0.3215788191679857,0.13540173500390215,0.2520956161016488,0.20939870497177954,0.4439381156839417
286,0.1047932856363993,0.24565437181093297,0.06894181240156474,0.16032191413168617,0.21833076424166864,0.5251908863817957
287,0.12247094585930393,0.18517580841534975,0.08221364987876854,0.12231260268311685,0.23998232753066862,0.3809851107479548
288,0.13465814204719526,0.2730360648406864,0.09105341423737431,0.1798433715008349,0.2584072291859796,0.5666860027459053
289,0.12525504081691546,0.2621175360331788,0.09860293327617325,0.2021753783567026,0.17165215695492508,0.37258322470653205
290,0.1815062873683374,0.25288665368240854,0.11519186495976609,0.16009065666762054,0.42776476535127034,0.6016048028082993
291,0.12314923387074532,0.22526991131062316,0.08428609116839414,0.1543309907753639,0.22851373378166281,0.416899694471516
292,0.061234450414505086,0.2014437206444591,0.03360023031054776,0.11978497440693044,0.3448689435016973,0.6328958326173709
293,0.11578873557565031,0.1946801549625275,0.06492998896666054,0.11705660394752132,0.5342926468246156,0.5779059976637002
294,0.19140707155107403,0.2808080359314816,0.13945891895565082,0.20045356469966638,0.3050301624499482,0.46868773255016494
295,0.0975595049583357,0.20015858905598818,0.05799753323428429,0.12075387437341954,0.30691826923745924,0.5845324378617458
296,0.07844702884102972,0.14754898218234333,0.06637888685102307,0.12270313148296326,0.0958783840023402,0.18501149854078897
297,0.10332039635937156,0.22898941852397306,0.09461492796040234,0.19158149525231286,0.11379016825721819,0.28455029376426283
298,0.2808733297419133,0.44102617407818057,0.22069848590056113,0.34890507665350806,0.38616317078717277,0.599244047604008
299,0.13110185822556752,0.20363298553679332,0.0777047212472779,0.12317857220296317,0.4190969055454347,0.5870968809164961
300,0.2240356413843878,0.2910515435635122,0.2427396339470643,0.31608011246719947,0.20800786122325263,0.269695875970041
301,0.12952391507849878,0.2858345950334028,0.09781577228627675,0.2123318229853859,0.19164931309607605,0.4371691675909555
302,0.07691700907588488,0.17454842872874624,0.06474844010166271,0.14194985045529845,0.09471792623603195,0.22658285414410728
303,0.12139932829619406,0.3564405753175011,0.10602711222343703,0.3054763471296971,0.14198483205712537,0.42781524655671466
304,0.1310215915422404,0.21866674690203236,0.08768141872133473,0.14512113841152044,0.2590851654314863,0.443352180251935
305,0.17189164547005656,0.24473097377403724,0.1306830263389861,0.18651397196294206,0.25105861143305536,0.3557819481389928
306,0.07100339223963198,0.1807587780750495,0.04553326830128615,0.11479272408767019,0.1611420648061775,0.4249684136840195
307,0.21922952588338554,0.30683281750072156,0.1667487438582526,0.22265031912526279,0.3199168644583216,0.49337401545503756
308,0.03702035640045963,0.127695153535812,0.023955279534089758,0.08061674935373271,0.08143402038360022,0.3069432356782996
309,0.052501468141108086,0.1719882859991425,0.07863450794600531,0.2463084401737067,0.03940559078021699,0.1321222348827186
310,0.32227996025615036,0.4438374188469335,0.2640049696147843,0.359257761454284,0.41356885145976824,0.5805050900919924
311,0.09844949268192543,0.2066187555140579,0.07157019040363659,0.14772642595435334,0.1576618687152574,0.34359611372223914
312,0.2840889335961723,0.3819980078378923,0.20637897077767434,0.27675849312286416,0.4556651415506914,0.6163818954994497
313,0.29899501227996506,0.3405930867689595,0.23038086138764868,0.2607890433603023,0.4258152265614408,0.49077517638114077
314,0.19721735977552082,0.3053969113052129,0.1299618029810824,0.20271135816925026,0.40874275234569324,0.618914515616961
315,0.12096338047814204,0.20444894862237742,0.10238899033157492,0.16716156424722498,0.14777041669246674,0.2631470404208202
316,0.14750640762230754,0.21188109133606772,0.09118069187524944,0.1318245468127924,0.38587707687902223,0.5395442668884483
317,0.1696668816425044,0.347722787814429,0.12917044167177613,0.2529460419031665,0.247151877871959,0.556082027839945
318,0.25464002762373134,0.37904580006591837,0.20817299315751317,0.3010706192869553,0.32781214221883587,0.5115279564977627
319,0.4052057633739155,0.44166697454442483,0.4685695876888127,0.48927317972168893,0.3569377166176619,0.40250345066626225
320,0.001270648030495553,0.06424131277235491,0.003289473684210526,0.05809789318376944,0.0007874015748031497,0.07183760452496184
321,0.2775567520693432,0.3806707838328194,0.24441068477446176,0.33181801763865726,0.321103631295953,0.4463920012070346
322,0.2652069643948618,0.39273942100276116,0.23763341626791679,0.3486172762960706,0.3000194064908225,0.44964839513005095
323,0.3257029931023063,0.4923823597154258,0.285170623259671,0.43057319224392787,0.37966640230295695,0.5749114072559044
324,0.13310066056297815,0.23330549499106334,0.09111163074957011,0.15829342415848857,0.24687247838317358,0.4434453116125716
325,0.24330706398049978,0.3408288078777807,0.28817098873710006,0.39269184228216275,0.21053059109764405,0.3010667512319968
326,0.06064037483912276,0.264021981614795,0.04610253168631064,0.18874491486778264,0.08856969393261892,0.4391799727273217
327,0.1289239208041697,0.24474982025808995,0.11517442111730124,0.21421133706465592,0.1464012763073991,0.28544330388952577
328,0.3077938363641488,0.4613264007360172,0.2757644818730791,0.4014197851354911,0.34824117770950347,0.5422500833948709
329,0.19316302594184498,0.3014361510281337,0.12745519267225772,0.21005977645445054,0.39871552284565237,0.533516982971826
330,0.167013312728419,0.2637954534142565,0.1016479839743336,0.1848387450247669,0.46789757895790957,0.46050890313234666
331,0.2536354264768728,0.36758057595831045,0.21980983206654414,0.32233885500685294,0.299764975798983,0.4275955519391063
332,0.10627373195462425,0.20573443955481338,0.06922331941850046,0.1366327209787265,0.22865886877386216,0.41625409479052433
333,0.05781796989866494,0.13025652991878062,0.043625720656592946,0.09358350430199036,0.08569667397390503,0.21419363902111382
334,0.19421803226168918,0.3387724331004024,0.14846656818705453,0.26385731320225947,0.280726821815576,0.4730948785006872
335,0.2694000240321008,0.4196845768870832,0.2033229380485369,0.3172345461324839,0.399102804000388,0.6198698543670065
336,0.12123519585811034,0.2685578847370242,0.10788434678809011,0.2454332279847019,0.13835709276182115,0.29649341987292205
337,0.09329360463644729,0.17923204555647124,0.07137462646054142,0.1343190361303811,0.1346417732462029,0.2692690469563876
338,0.11280519037029485,0.1899841913756693,0.0638610199033901,0.1198380015448548,0.4829340497211882,0.458170572459579
339,0.07224529447890514,0.1715552167073467,0.06504435839373851,0.14024893322617393,0.08123912173244136,0.22085414838823925
340,0.10072298843965292,0.22657012985568298,0.05824472554444335,0.13835659746296294,0.3720925199393937,0.6251606719625308
341,0.2088311321784017,0.3036255822011286,0.13802040568405002,0.20103721478784486,0.4288512894306503,0.6200178367941491
342,0.3407203035217581,0.3969260445904315,0.26333178382514233,0.30272328317153296,0.4825261389937258,0.5762442678771382
343,0.15596772090224575,0.21005919886097332,0.13165905631659056,0.17299323458624802,0.19128540305010894,0.2673401752442549
344,0.2753106157806539,0.46489872353049233,0.23118459623724197,0.38004118311645213,0.340254772991525,0.5985448898941076
345,0.1299379194330021,0.20558112270887202,0.09169461578065208,0.14370379918356999,0.22290580199691212,0.3610419260517611
346,0.07531997289712793,0.15695527189734326,0.1230405925819685,0.2585257112125625,0.05427118943170996,0.11268371860223829
347,0.29428531576664707,0.3532974278287102,0.2814535746617789,0.32254581871347043,0.3083429704735642,0.39053073830792545
348,0.27734839973853215,0.37405617475060454,0.2171104423824004,0.28552834378543585,0.38384828130440063,0.5421490458590719
349,0.2992627748194084,0.3482941445479618,0.30344854349493106,0.34429868701014843,0.2951909118995953,0.35238342241749065
350,0.042461689663348935,0.09199913774828315,0.06720854980461242,0.14456564310449066,0.03103448275862069,0.06746699925654569
351,0.0794938256522715,0.21671349648490107,0.06574036272178688,0.1821553701981513,0.10052441968076642,0.26745436522404825
352,0.1718954779764021,0.3521128519249825,0.12233537287229629,0.25775551302289884,0.2889566474738044,0.5554470193943138
353,0.2343032702455857,0.26750235217402546,0.1911519132539894,0.2074903463828476,0.3026172300981461,0.37635462596159786
354,0.09755869248773301,0.19901884045593304,0.13874268401457182,0.24912229752902496,0.07522817172034658,0.16569439636595287
355,0.20895166468357468,0.3652065889890472,0.147948551068197,0.2601560979387899,0.3555574270357552,0.6125550393623479
356,0.1763062158132311,0.25936920441051575,0.14254769183207108,0.21097484732112912,0.231016052574876,0.3365740761533736
357,0.1094225256474519,0.20571512825507274,0.07334854404297353,0.13871200582193252,0.21532064809583729,0.3979305871138013
358,0.12364511460093267,0.3306584928926895,0.10604487539837151,0.2881470984711714,0.14825015213409162,0.38788451247551203
359,0.15527551073557636,0.2972047094089455,0.10067221252566075,0.1941567377471854,0.3393162059271684,0.633356144543067
360,0.18876203559022522,0.3574082955309426,0.20401655790250173,0.37602046441014336,0.17563000431277018,0.3405517484689265
361,0.13493248158049356,0.2340087087924591,0.1222807592829337,0.2157137443870526,0.150504344043399,0.25569449267943883
362,0.21632779987890846,0.4075818284448253,0.17547927170406893,0.32918093738257675,0.28196416195126184,0.5350033637692033
363,0.1716113411603042,0.3244222334081023,0.1319899208106199,0.25233608901664734,0.24522393691486163,0.4541662286691483
364,0.24004986212919244,0.3625686040430369,0.18046813763998265,0.26779241316107644,0.35836410751271436,0.5611792936762521
365,0.184593638180566,0.3625153741599122,0.17085880927656916,0.3316711631088291,0.20072969857799564,0.39968458600534656
366,0.29145169929365605,0.42355604786809564,0.28605647263275935,0.41209173176299413,0.2970543537426084,0.43567648753649285
367,0.2796657989579302,0.37245432641025866,0.23009982539286963,0.30705662431060027,0.35644867074544206,0.47324786161871857
368,0.07290919779126404,0.17170163036851654,0.05333412469486535,0.12724079099737917,0.1151853521435565,0.2639220105161777
369,0.2239743432332154,0.36032423555724974,0.198386577776991,0.31536952601121376,0.25714009759167106,0.4202258029477316
370,0.20048649156961354,0.2992157953912862,0.24288005166488122,0.35189490863697936,0.17069286265243272,0.26025525438331987
371,0.13547708422973595,0.2743214999852852,0.10926211125475828,0.2187428824497465,0.17824229174172063,0.36776358877521764
372,0.08218142711486355,0.2062376732215027,0.0643601568163349,0.16288055376899543,0.11365139848111987,0.28105037823292767
373,0.06415497750412462,0.19417586383953436,0.11580181870391462,0.33635915257979854,0.044367408363606704,0.1364828349024806
374,0.17162031926910967,0.30088126292733297,0.19739865230653855,0.33150293748624476,0.15179710255484838,0.2754383965554491
375,0.13526595200000285,0.2723566226135919,0.11551037171908517,0.23317661978196486,0.16317324868850747,0.32736239236855935
376,0.0766023842485265,0.21772625914735821,0.06665571321002836,0.18256430599564924,0.09003831417624521,0.26966356120753343
377,0.24118169776754028,0.3509487431942053,0.36220835173832644,0.5025796057722282,0.1807775185691284,0.26960693772691596
378,0.061680435908997876,0.08923078527200887,0.05255395623841916,0.08069056166979154,0.07464285714285716,0.09979277124234041
379,0.08759350893314505,0.2208249734699214,0.053470380355472635,0.1496911999124205,0.24208390385966683,0.42078205439161354
380,0.02676818904861412,0.20903204520551497,0.02423568286630241,0.18260374870722146,0.029891722770979734,0.24440483132650972
381,0.1072121758869774,0.27185188273341376,0.07884788058668409,0.1980267594982238,0.16744953421629952,0.43343992092970274
382,0.16852802919463564,0.2574331812503719,0.3000644122140782,0.4297436399843077,0.11716675358423398,0.18375470343745462
383,0.1330016939911165,0.26182849146690557,0.09687195024756194,0.18907066842621165,0.21211171316766184,0.4256115283792919
384,0.18553246626934855,0.3634787892703252,0.15656623070416184,0.3009160878445249,0.2276498434455368,0.4588842513424358
385,0.0925347102851878,0.27320954312371254,0.08716350333236736,0.24534931800497636,0.0986113593250271,0.3082075252064051
386,0.0352260802643624,0.1929236169417652,0.030245942574195037,0.15029549892212268,0.0421694858200791,0.26930673913565184
387,0.2028868506806159,0.3346652604721693,0.13905900739762087,0.2303366063435431,0.3750207032113541,0.611752345810378
388,0.28981983249669574,0.37872369904832826,0.26509588171402204,0.3437979692244845,0.31962984919343546,0.42154788297795454
389,0.11468252726947543,0.18779057763522086,0.07300538677009262,0.11797459145591756,0.2672489927055866,0.4600323565961773
390,0.0501034040363331,0.11997446175371175,0.03495481757986595,0.08083650111257777,0.08842446285256743,0.23258165876756495
391,0.019585777379123384,0.09368575427278333,0.013578675194774266,0.061824480852969106,0.03512465759784576,0.19330617839078942
392,0.1559784600266425,0.25861909524495913,0.10779769214216786,0.17556423203235322,0.2820359859908687,0.49080718444909693
393,0.3085496279015209,0.3915475935858672,0.24395424398001359,0.30124687632356134,0.41967255579387924,0.5591592187535316
394,0.05958575193831086,0.1383608478031323,0.037587067251740804,0.0840259603884015,0.14367453813681172,0.3915622425340167
395,0.12372440290384043,0.21586172394184697,0.13721223020758627,0.2285382058673367,0.11265092750386867,0.2045176085938459
396,0.09900781890006943,0.19186640017345089,0.062317701826310114,0.1203826093087659,0.24075385161193263,0.47235042944796884
397,0.14331288667433872,0.2394596988033512,0.17675001322938108,0.26969885267380084,0.12051429331789862,0.21531784775448198
398,0.09022853576646195,0.24034075349421397,0.07046579552592715,0.18685131759867152,0.12539728653699242,0.33673779860889375
399,0.09955806317134575,0.2303815820233713,0.06297735446797548,0.14717301889451162,0.23752652099813917,0.5300749067309372
400,0.11673482197520915,0.28012582584766504,0.10206725327699168,0.24212595269162837,0.13632546499695058,0.33227372323617715
401,0.1318626538345789,0.18154067956340905,0.09160984371665483,0.1255686587172396,0.23521446359681644,0.32754196657636536
402,0.4065593798467916,0.47172143292127006,0.4482504956209122,0.514815332797379,0.3719635958185989,0.43528483175173743
403,0.18701306197594436,0.250353962030168,0.13755921198320073,0.17758911359021048,0.2919841523239273,0.4241397555900488
404,0.34774512229602833,0.4518796680274495,0.33362786184494353,0.41286170785101456,0.36310989717558184,0.49904221388065256
405,0.16713019059345952,0.24551758296288018,0.11473704583903208,0.16440282934360853,0.3075846074050588,0.4846286211041287
406,0.06456271232181325,0.1738759734871509,0.10298401546853561,0.262650380610744,0.047020348524025,0.1299526732587441
407,0.07681278595366092,0.22436395876413678,0.055040066745554325,0.1588002795255496,0.12708500012038618,0.3821359772615597
408,0.15883851756967113,0.36023923539570696,0.13109932040249883,0.2900086073527053,0.2014666880738309,0.47535462514965315
409,0.19924646892434403,0.26530113385292,0.15725301639218428,0.1947525321516829,0.27183955235068885,0.41599382091360604
410,0.2772422507831294,0.35949640370133845,0.19993951261317794,0.2511901217427186,0.45199884577053134,0.6319955115166093
411,0.2324133155583219,0.34932818288206996,0.25298227930816425,0.3549817574975902,0.21493760969327455,0.34385186713769783
412,0.06343839486759868,0.21510104239905717,0.05679387035197654,0.18773227915397703,0.07184364847359705,0.25181169612739146
413,0.05312666539843872,0.24706987608385214,0.04267524731411551,0.20155308082787313,0.07035767129613878,0.3191417593795312
414,0.17846249276980064,0.32910283904053717,0.17477772296502944,0.30866944184436185,0.182305977802328,0.35243333206306043
415,0.1681781598855984,0.25421979218859264,0.09907663232983435,0.1582478496772319,0.555878814719183,0.6459919620614456
416,0.1538153562665003,0.2983909998381812,0.12692450500329003,0.2344846104023468,0.1951636996760835,0.41018189161650725
417,0.09481798375977499,0.23125325508726546,0.09364033688558235,0.21324069195229295,0.09602562872639009,0.2525896469415612
418,0.1554687204815438,0.205090584298813,0.11840784052548753,0.15524440948408996,0.22629874961054056,0.3020844395553237
419,0.14877449754411307,0.3152700918254019,0.11929938115785932,0.24388283911987152,0.19759366285060548,0.44574453574291045
420,0.1978024275514229,0.2791863386129423,0.12408561965564331,0.1742822856193056,0.48729433819336176,0.7013328441166797
421,0.2432789702718734,0.4003220473619096,0.2033113044330077,0.3342896344779219,0.30280557732639685,0.4988626590960417
422,0.19437066620482085,0.24053773352484817,0.20425712164254206,0.235999629795889,0.18539707495340596,0.2452537880848136
423,0.15199416048545314,0.2762605729165624,0.15504345436097147,0.2583019209355689,0.14906249620702888,0.2969029961750066
424,0.17684229397423004,0.27180932081025844,0.12195212274452702,0.18604022915851745,0.32158761643555545,0.5043073170237453
425,0.15447152693353677,0.20233639304801346,0.1231894943292002,0.16579123664927647,0.20704814314389725,0.2595483031868906
426,0.18042684398310999,0.2896086603796876,0.13849784523119849,0.22372259134552053,0.2587659480729759,0.410500681511708
427,0.2014768280682836,0.3377292229541061,0.20078000710048868,0.33771097417774065,0.20217850261193915,0.3377474737027845
428,0.0925399426914718,0.1652533071833793,0.06537371457610741,0.112573084296704,0.15833755006672498,0.3106058725848203
429,0.10844815883139987,0.23425226316810804,0.08038219144316093,0.16690260405150442,0.1666270993811101,0.39272884145498566
430,0.038462828625966325,0.1464942507429348,0.025323624595469257,0.09930005413327551,0.07993964323621185,0.27917949574851353
431,0.11686361002145743,0.2615125283356242,0.08895980463264909,0.19036575890517848,0.17027260293710933,0.41757635372655194
432,0.07017342063803075,0.12820270236842146,0.07325222435516555,0.12371119185979862,0.06734298334718501,0.13303264133819148
433,0.11913668929612885,0.23421189621535307,0.143612791304987,0.29340586005393365,0.10178871524072763,0.19489273161088275
434,0.12881441623831905,0.3695353646566425,0.14919494836067224,0.36500102335469176,0.11333277738057142,0.37418378169466676
435,0.06345511244736005,0.07073386817672891,0.20408472829691318,0.23973366628876822,0.0375679736070603,0.04148740200084324
436,0.1916696621872544,0.3249645513476318,0.2030634820688999,0.3199387544363885,0.18148651809341973,0.3301507648691763
437,0.16465155598730652,0.30500387422261405,0.14338648764982756,0.25813424550206404,0.19332241986735213,0.372669811666021
438,0.13099683750419708,0.21557299982672204,0.09964186753747646,0.16152774964672087,0.1911460323248224,0.3239692202858117
439,0.15697843425042482,0.3012664789925054,0.16441651986308065,0.3001790642446767,0.15018420822393536,0.3023618008205605
440,0.05715347106248118,0.24923649281146912,0.04837428504417424,0.20272960955872676,0.06982577057413658,0.3234332037996189
441,0.23900129475730245,0.3439562570898262,0.17189610279912668,0.243411589533011,0.3920510930101659,0.5860204595295286
442,0.2156918155868515,0.33605275748861496,0.20838816467214882,0.30499478850521217,0.22352602269096,0.37415320757446924
443,0.05387228721070699,0.16808280244137716,0.03767773023586212,0.11640619771915452,0.0944825738754849,0.3022710174480465
444,0.1811312561385355,0.25939274864235345,0.12526178309377953,0.18160339005649823,0.32696453111158996,0.4537594951492233
445,0.1439125776952269,0.21018111852802066,0.1546620513007068,0.21246071702404512,0.1345602399043215,0.20794991866911738
446,0.09350970958116278,0.18790407864516576,0.124552327056084,0.23705646939913488,0.074853665495228,0.15563416676021896
447,0.15241608376878982,0.19201118371024758,0.2928483157540404,0.35872858467855995,0.10301591811219277,0.13108845068068148
448,0.11692607673617941,0.28549750425655857,0.08384188291217572,0.1982359010692876,0.1931392585282074,0.5099906563004529
449,0.11002838906011655,0.17104783363772597,0.0949164333557071,0.1404637553499498,0.13086361272976202,0.21865755069186926
450,0.05997659263562563,0.16397508365724417,0.03836780105125832,0.1035995215531708,0.13730942622368147,0.3930167534405823
451,0.1739555431758852,0.234536931517307,0.12257069732751111,0.16069420093053152,0.29952373664172827,0.43394457974863754
452,0.1537510872701011,0.3146922838227468,0.12418213195359341,0.24821869581713701,0.20180210078582406,0.42979153174897305
453,0.13010552225439942,0.21239043904286323,0.13307468291676736,0.21393508972589922,0.12726596561977752,0.21086793378963029
454,0.21516909691377428,0.3683735678659489,0.19972035578800293,0.335843529599349,0.23320818384846,0.4078812277673581
455,0.18125487939192148,0.29103146672714936,0.1818153733918253,0.2846867130300612,0.18069783051366034,0.29766547540809385
456,0.23711887229206277,0.41534257473827224,0.22340235324654292,0.3779103662200833,0.25262991308429955,0.46100538602996416
457,0.1668499502585142,0.2866402369557071,0.14697845017821096,0.242039210999171,0.19293474575873473,0.3513918889519432
458,0.12140347865655718,0.17942635764626663,0.08543324081954937,0.12500053635076075,0.20968990968982465,0.31779640801506537
459,0.05590387321473752,0.12120840163325242,0.0441555034687267,0.09422660402918158,0.07617037929887405,0.16984294658392535
460,0.16831278670290656,0.2883039580127962,0.12588326209170195,0.20962360777901543,0.25388632410691225,0.46153820325368483
461,0.05590424944635655,0.10109665734059303,0.056350857133589595,0.10645593219104522,0.05546466525663084,0.09625111989103
462,0.08856962162770526,0.20424050102382255,0.05293550267164116,0.12751798958327934,0.2709885821489776,0.5127294600683652
463,0.188291029999804,0.28259077653585324,0.12338209854738942,0.18529973892195764,0.39730603921780383,0.5949865903662652
464,0.13862444497809218,0.2534810608559394,0.13081554596474126,0.2290083475186648,0.1474248173030408,0.2838101004073277
465,0.07589408461765827,0.2050126570183894,0.05889550169090933,0.1539549605369608,0.10668613160051517,0.3067400849823341
466,0.07687378479820976,0.18917174212687615,0.049485393779837815,0.12124539788792503,0.17215590517641596,0.43016898413699506
467,0.08019462636749951,0.15803575649020715,0.05747402616958259,0.10891065591827855,0.1326231278108625,0.287891912990997
468,0.10743457086643257,0.2167903190711868,0.06666875096768603,0.13515301277767858,0.2765142149879357,0.5475002889510923
469,0.15358635450171168,0.2314551487554778,0.10269865391038292,0.15251896262301676,0.3044358548895469,0.47974948575734117
470,0.14336652772178854,0.2876353744981357,0.09924060344037194,0.19650123455914706,0.2581486627768801,0.5364170512200204
471,0.06177894011224491,0.177988305149803,0.04021486690348582,0.11418967331188047,0.13320783526519794,0.40333412098447974
472,0.2608645132381896,0.3755455578978669,0.21780696310916586,0.3035884779779804,0.32514047653949757,0.4922100599894083
473,0.24450316286988322,0.4521873559596941,0.23491633273039692,0.41506493259091426,0.2549057522514269,0.49660228696201447
474,0.08681277058915109,0.1486578465261822,0.24666905249310003,0.40879448863630946,0.05267574257650549,0.09084718225721375
475,0.1170865856982871,0.25354762920632695,0.10318484515159031,0.21474050609897918,0.13531744071928237,0.3094747869342842
476,0.03489058626406328,0.09083517106008075,0.03014253452137561,0.07123382244255513,0.04141414141414142,0.12531912510642165
477,0.044894252313943034,0.1367656074767114,0.043039350380110475,0.12820821524735254,0.046916239704249484,0.14654704413668954
478,0.18557687990424335,0.3354782041170562,0.1653459350449084,0.2893678286003561,0.21144874620633275,0.39906937377460344
479,0.13487551396228914,0.24264326021203392,0.10324207072672245,0.18145099543049542,0.19445739765808984,0.36610947797623505
480,0.10125874600413734,0.16773846026140932,0.07621719463744933,0.12100756598800302,0.150807240704501,0.2732704943592627
481,0.23235788336107766,0.3419408695891658,0.21529897725587113,0.3070651113725381,0.25235268709603315,0.3857539245595572
482,0.13414238309163673,0.23068071682367317,0.13459310600367555,0.23439261695393387,0.13369466884937675,0.22708454908476522
483,0.12701832905904603,0.21750924415564563,0.08372836934730137,0.14172357047115983,0.26299346747755614,0.4675033356303726
484,0.07756024513848864,0.16957441064264916,0.10368770345155062,0.212363915280369,0.06194995706380907,0.14113659847081303
485,0.10129629899759653,0.2713780099501127,0.11341407699938191,0.28327218047183417,0.09151801552011633,0.26044242628575887
486,0.18161166699943612,0.3086802292140616,0.1550727690684241,0.254136072817685,0.21910974786269968,0.3930358634531828
487,0.2088168678833458,0.3338044162771106,0.15090301228517705,0.2404399394636118,0.3388684821136269,0.5457056683431286
488,0.13289272618588735,0.24312301326360358,0.12313270633535807,0.21553203718372216,0.14433318583962218,0.278815060568362
489,0.1011502605391977,0.22432317234042704,0.08570042501001245,0.17956227093965318,0.12339569507026808,0.29880985918482644
490,0.07905509025202821,0.21784095432137904,0.06292831502047795,0.16936644921181923,0.10629572543527484,0.30518947478516495
491,0.11443711836580486,0.2695551101183933,0.08173770559699776,0.18942371140709774,0.19074537368429162,0.46718866247704677
492,0.08323473019839915,0.21964553263834694,0.07807863311408478,0.19642939530345135,0.08911996641007523,0.24908508542162097
493,0.10664105328694223,0.23240288807770051,0.09926471247033102,0.21170414735403745,0.115201665907778,0.2575877622056868
494,0.079696137459112,0.21094012010041407,0.08534121949630415,0.21168773528371693,0.07475153342068538,0.21019776702119208
495,0.08846323082799382,0.23167172249765658,0.11527019742246129,0.2830132319230071,0.0717720835204495,0.1960976018010755
496,0.08744261880810597,0.22684047222332468,0.07752432004592585,0.19191728610649042,0.10027109179642457,0.27730091647446337
497,0.2218983440674034,0.3749031155858253,0.17999597504837941,0.2935610108487983,0.2892299647352433,0.5186010030782743
498,0.17590388312823782,0.32856478321805105,0.1342872346306944,0.23918510774341584,0.2548990678892639,0.5245991542796627
499,0.17877316159319215,0.27565917108531174,0.12005938043765828,0.18454023025061947,0.3498766866886616,0.5445247782472329
500,0.1470150058170217,0.20654215502894158,0.27563906681553735,0.3587148483902624,0.10023936447135952,0.1450216178170785
501,0.047834334868741314,0.17144246573470046,0.047272076251315,0.17278615346517262,0.048410129602080056,0.17011951536555156
502,0.16954672644058671,0.31390555339530885,0.12446265778694693,0.22812815344563686,0.2658429234164529,0.5030580625232338
503,0.1732338247195106,0.3117904274499422,0.16482016461712698,0.2884210227532127,0.18255268600311203,0.33928075832613863
504,0.1334539672776212,0.20091200181837765,0.12480707438888819,0.18170627694836275,0.14338819900593966,0.22465752502218367
505,0.16265521468556957,0.27940978665580773,0.16809965636934476,0.2731397161159563,0.15755238006974498,0.2859744863168531
506,0.21395389229412526,0.2497618735021366,0.14350281586970723,0.16561634238018616,0.4202909642348144,0.5077235308770186
507,0.14916336670195424,0.2625680373297917,0.17178262156279142,0.28336903453952145,0.13180775126550812,0.24461203758697794
508,0.31804210450455883,0.3780713639250086,0.22540859611512792,0.26410360446119374,0.5399312891434738,0.6650644285373536
509,0.04612204716620284,0.17022978791378185,0.027499419760609954,0.10272116595332649,0.14288151446115752,0.4965901440700023
510,0.22448979591836735,0.22733092912622602,0.1783783783783784,0.17884474828793184,0.30275229357798167,0.31188546785272736
511,0.038867303674738986,0.0984820130302132,0.052342177209492566,0.13874349008942638,0.03090991275959293,0.07633161479534949
512,0.1498373677198011,0.2747438172610856,0.09822093670991935,0.18555564498197002,0.3157884927760454,0.5290194376466116
513,0.07206454931030622,0.14772878686422175,0.05715627008041524,0.11777714295608518,0.09749436033955568,0.19810959957924526
514,0.14554485728261896,0.27333464414881353,0.10057138418614915,0.18306509131088627,0.2632769374100766,0.539228851008957
515,0.39709630760396525,0.5304748382642028,0.34917472971158287,0.45596207637806646,0.46026405048302255,0.6340984228623693
516,0.05322896118093097,0.0829901398838185,0.0401797560160767,0.059588741701023996,0.07883093435762874,0.13665766891060985
517,0.11263741224471374,0.26163887597719326,0.07239180708313285,0.17245673210903006,0.25365440799075795,0.5418385908219154
518,0.146881090218367,0.28720241057328544,0.12059332311146803,0.23080705778534122,0.1878243395416707,0.3800682034171211
519,0.312943664129297,0.4257838316288224,0.29008139191962706,0.3806709480001003,0.33971795798739063,0.4830267904092845
520,0.2758509276421529,0.358101734059773,0.26726895997019834,0.350645825263591,0.28500231064085557,0.3658816067797744
521,0.15593919854885724,0.3738851036957333,0.12179731950507708,0.3087980637045214,0.21667766757052478,0.4737372742113735
522,0.12090346448957563,0.2503814411078584,0.08150254640650795,0.16638241605167686,0.2340512853699532,0.5056731533216936
523,0.13913124279597086,0.20995283777073828,0.08931615000361881,0.13382695912564874,0.31459074336396303,0.48694668461408097
524,0.12037157757976737,0.23878037608101105,0.13561958454435127,0.2506411381329509,0.10820576625530182,0.22799143618619575
525,0.11995720937878959,0.2325854331990226,0.0936454479963989,0.17527281853889798,0.1668324902076215,0.34559031849231137
526,0.12676303413576975,0.2597070845347584,0.11645118432348785,0.2175148412377784,0.13907855670595523,0.32220686850636
527,0.17256916502504566,0.238383623220239,0.10529861381738316,0.14441003854692322,0.4778390645679549,0.6825418040780219
528,0.06844725366979422,0.1614396324516496,0.05488969493069794,0.12630647472093248,0.09089897641299509,0.2236495449364779
529,0.16876518824557785,0.3000564076102217,0.11509213733665534,0.20292029421566485,0.31624609470641907,0.5755826064062333
530,0.1714462286056438,0.3017217562334348,0.21451107440568795,0.35230380580509996,0.14278164927693965,0.26384079162032553
531,0.039749753523693775,0.1945913975270126,0.050115452633714835,0.2059415989536186,0.03293715202976168,0.1844269479069552
532,0.2087111992812314,0.3573237589444306,0.18467314127812903,0.3122732170483838,0.23994355408151857,0.4175642642219191
533,0.11480061228866707,0.255174242421483,0.08821672431706011,0.19723496876756666,0.16431718165516765,0.3613125566674934
534,0.05516926302480893,0.13901569043009845,0.05105324874037312,0.11691825887820567,0.060007159362418704,0.17141247276723984
535,0.16595427573813035,0.31734109186440407,0.15871058757088163,0.29347785344472727,0.1738908019904119,0.34542853858837796
536,0.07383742044583336,0.2003041900466029,0.044030413294131265,0.1239815600725076,0.2285733885573585,0.5210781257522437
537,0.0007215007215007215,0.10845116193689422,0.0007739938080495357,0.06487719433324352,0.0006756756756756757,0.3302789383953778
538,0.15387685821438962,0.23909686810275266,0.1440892939243679,0.21611410518421953,0.16509100747829256,0.2675495602950425
539,0.059520259793163235,0.16170349384630264,0.04030226630336419,0.1086802178778303,0.11377206991393846,0.31575523806973177
540,0.09152673890547858,0.18292835071302585,0.07005205868592346,0.13541425552300665,0.13198811231809798,0.2818095704492098
541,0.20172488472630282,0.340025883986964,0.14537438373621017,0.24269340117268265,0.32941307317471785,0.5677044366772525
542,0.20242349275364435,0.3793647405790675,0.19073928221761033,0.3497016968149248,0.21563260593072897,0.41452647118597613
543,0.023409175372931,0.09827116116587752,0.014593741039722979,0.06568505693324428,0.059122414350355514,0.1950196694881383
544,0.1020166793137085,0.20185346175391652,0.0654765503681579,0.1253713250725065,0.23084057782824394,0.5176325646504242
545,0.24077329315692678,0.40566304144832066,0.183146476930296,0.30619670041831265,0.35131373151735135,0.60084394542082
546,0.07332971778276891,0.21306382693392945,0.04623254194981891,0.13660477664361034,0.1771703364782539,0.4839169506105661
547,0.26656036533272326,0.4112194237662222,0.24006606776597575,0.34543354599718434,0.29962807663201185,0.507956975413063
548,0.07332156958268142,0.17095483873114975,0.04776245563623015,0.11172376096071882,0.1577248264383424,0.36385485322287753
549,0.015421396588068547,0.15418020727283663,0.010127140880683174,0.10778581737708126,0.03231499409237746,0.27069642042979897
550,0.1462118148503068,0.2542134577286002,0.097973360098658,0.16911172079559988,0.28802432993609467,0.5117305504568966
551,0.0507044146601385,0.1378019613289147,0.032489652242683235,0.08334331370838174,0.11540325842412602,0.3976113851458884
552,0.1037407332473287,0.22962662958845179,0.06585750634862732,0.14514701100549846,0.2442281314404076,0.5493827507846641
553,0.058098335254752984,0.2002913373438998,0.043707674373660875,0.14855956464534056,0.08661670533426585,0.3073001385221807
554,0.2987088909403912,0.4314278844745942,0.2603582811064667,0.37868956721173846,0.3503092165720042,0.5012321286707185
555,0.2537455209680321,0.4593837099306092,0.21783291539955135,0.385846562266164,0.30383702981471067,0.567551335152183
556,0.03921988328414591,0.15943233601284681,0.032607264730579184,0.13381521601731175,0.04919678876335223,0.19717974038480127
557,0.03635654729463571,0.14637484377310372,0.027364672098066565,0.1007502282451544,0.05414989349033027,0.2675217234344913
558,0.03218542734166442,0.2326984770029329,0.02722661504982126,0.18057287545076142,0.039352793356835745,0.3271305947575564
559,0.18209996727607192,0.28023589241428415,0.12072992705830546,0.18673149393328461,0.37036653768594613,0.5613053435846784
560,0.20130285656128286,0.29945585919065526,0.13985343099023437,0.20485688257313264,0.3590747055295374,0.5563827214962201
561,0.19846207346976136,0.30948047928959527,0.13374727093144806,0.207586884917413,0.38451124996447145,0.6078350698238713
562,0.09774393959481792,0.2297065851044139,0.06726401376401372,0.1578532873919299,0.17873624351357137,0.42162725518293903
563,0.24470850614419104,0.40150119979756127,0.26217525682127313,0.42260191892127497,0.22942374079860203,0.3824074119352872
564,0.057563903117087846,0.21158817235770866,0.037576183604364766,0.14150883402046718,0.12298014091744744,0.4191769139130627
565,0.09630847054675104,0.2144493389750366,0.06592672383638769,0.14266712533262263,0.1786272619709151,0.43161330093433237
566,0.1486235074055531,0.24878390878306142,0.10222541509455056,0.1699453998448171,0.27214451597915407,0.46406677291238435
567,0.11424243556333914,0.23332553131025,0.06641726504893627,0.14035454010460813,0.4081127120213808,0.6911322263248192
568,0.22539816181641625,0.30557641181286055,0.14093412074017364,0.20264386566994114,0.5625331492552857,0.6210246303131789
569,0.1791461080301572,0.31506702790350377,0.14376660040166228,0.24827106891514597,0.2376226381547589,0.431034469845908
570,0.11131033038269746,0.23882187135338326,0.08383014769196462,0.18047453195980198,0.16559302983451593,0.3529211189465049
571,0.11318222523193398,0.17792839550936707,0.07144631771971342,0.11017024462516355,0.27217575145110406,0.4621892750392216
572,0.1571566631246902,0.24441918958406433,0.13044526780682322,0.1964182538263927,0.19762438745463232,0.323468925624534
573,0.295419856084007,0.36152723472675097,0.22633722021562633,0.2757776961247657,0.42519910818565376,0.5246651295208644
574,0.07481868269408673,0.17680973183544996,0.04922091040500941,0.11500820442400912,0.1558913832461064,0.3821807886683528
575,0.07596170687812842,0.19316181444897992,0.04649366859422757,0.1187030993043683,0.20743657421607564,0.5182331380081601
576,0.19368606770505756,0.3536618603454142,0.18322356890333033,0.33866448498168933,0.2054157950683093,0.37004906656384606
577,0.1049378397181045,0.26110453609561085,0.11201725706293442,0.2746944118614743,0.09870006048267609,0.24879592837839207
578,0.19465506655278417,0.3376039206618607,0.19545746673324968,0.3405376186418471,0.19385922753084528,0.3347203379807145
579,0.20375891891716957,0.2962784527224821,0.15878018099762362,0.22655782923105244,0.284292335408712,0.4279864766793823
580,0.18991383589897154,0.3489501804214608,0.15363766613025376,0.2779836062804097,0.24861576767459104,0.4685722163211079
581,0.3237517499313481,0.3875707950082148,0.21492458750798069,0.25908962778931777,0.6558331764742611,0.7688290068050133
582,0.28165314777582334,0.38874143050010135,0.22587455394188205,0.3116682189861782,0.3740140511263155,0.5164574924060771
583,0.02201397561405079,0.055311814968622315,0.1895247125999721,0.4909712284716354,0.011685653080877198,0.029306725370391175
584,0.07774402036741379,0.17617975530298843,0.09354807803405506,0.20352050823696827,0.06650810829994315,0.15531489847392857
585,0.12329024372320771,0.2372862467911285,0.08358038028079921,0.15645707141151532,0.23488771498312075,0.4908917635829714
586,0.17565049026381796,0.31788980333532024,0.12003856566550049,0.2215115482803725,0.32726885276734746,0.562730035343165
587,0.1560651903058639,0.26016480425523436,0.11365556070568253,0.18398694789028952,0.2489640662367935,0.44399713981582173
588,0.2815275706262931,0.39542907372964387,0.20272159043167437,0.29467831787173837,0.46056922738424266,0.6008654627232375
589,0.14470234282572264,0.28115365032782996,0.11794140537168724,0.2176585226268773,0.1871716395319955,0.396952131152233
590,0.045676394120500036,0.16678829828395333,0.032809771175676745,0.11531258433518464,0.07514520886452336,0.3012802726006273
591,0.14128802674755994,0.23237594784920138,0.1068804193005873,0.1689390559206203,0.2083667399497848,0.3721001708672589
592,0.2193361167091533,0.3070793307715249,0.17717713944759317,0.23713228581396584,0.2878230980697739,0.4355553352620248
593,0.17536121716617684,0.24459667905230395,0.4020596720631629,0.5543396818642613,0.11213481057859764,0.15691744280434916
594,0.20859402420853645,0.2728774718006499,0.17101573067549758,0.20133338602055348,0.26733771442627985,0.42329641399228074
595,0.1606921270735367,0.2679059250212506,0.1244248674880774,0.20834222078347026,0.2267994458242135,0.375162467511471
596,0.12169258695615487,0.2253599873088231,0.1054396510168292,0.18298764200577414,0.1438692286047506,0.2932688949714637
597,0.21119649439480478,0.37154299819467856,0.1785094764653431,0.3106508434560171,0.2585375121518451,0.4621266485746642
598,0.13763348584615712,0.2530457484388926,0.1705294162433138,0.2959708865503767,0.11537676294763269,0.2209945501071887
599,0.0,0.04194207036764996,0.0,0.10304396245305918,0.0,0.026329492976350705
600,0.14483443049638833,0.08828533128598298,0.323529815319031,0.27595101073372913,0.09330128503530928,0.052548639678594924
601,0.20562613262646023,0.34794190207838116,0.1592511255167227,0.27869269472386576,0.29010736299723994,0.46298344014186693
602,0.0,0.0,0.0,0.0,0.0,0.0
603,0.22017905271848257,0.3521516790469868,0.15220663674870666,0.2493666813663185,0.39785152384503136,0.5990850516483784
604,0.11128220059550177,0.1938285837779521,0.11126692621682217,0.18226290463023154,0.11129747916839586,0.20696154011802192
605,0.0897139896164904,0.19245600020789705,0.05589043409707779,0.1205378037519117,0.22722533259966418,0.47713720603993964
606,0.13040719396005424,0.22538275331947766,0.30704054551789284,0.5017488099418238,0.08278366108866816,0.14533269202116392
607,0.23565872813594263,0.3335343021314423,0.1734605202650316,0.23989705004076706,0.3673974116469677,0.5470669062187684
608,0.03708512265642938,0.15925315191830416,0.031021665360511697,0.11084727799974724,0.04609474614218448,0.28270950441907045
609,0.11616116619740843,0.23725874142723635,0.08074067980294712,0.16507328900363136,0.20694817961049922,0.421638421501117
610,0.14050300584728104,0.20677142241066404,0.10890504360978155,0.15832233185055083,0.19793123356212716,0.29794819349668783
611,0.11764216996566934,0.2328630247687817,0.09910823798449575,0.2003749086349456,0.1447025578785541,0.2779248243258525
612,0.1960576545248859,0.3243158787473476,0.11288559495381519,0.20132256639423135,0.7448485914316363,0.8335596429597614
613,0.19675790317136205,0.3615648559967066,0.12884132447573687,0.24922564176425804,0.4160960956187123,0.6582919497569675
614,0.2742317368006477,0.43572434984281144,0.24650408580293018,0.38034371006706325,0.3089877739272071,0.5099810745793628
615,0.07880532936048515,0.09247134812151393,0.31010053113381286,0.4118685768545389,0.045138099555455856,0.052082351259439615
616,0.215549319820629,0.4259560101478167,0.22269021391386926,0.42884729660989995,0.20885216346935967,0.42310344868152305
617,0.26202264613339243,0.36899188645819275,0.1817226625198619,0.25571563113580864,0.4694754014517286,0.6624361598807041
618,0.30590223938240246,0.3436648539702124,0.19502731872906512,0.26843248383474855,0.7089434752207524,0.47748838544431893
619,0.20548785818027968,0.3324460188406393,0.2069147484700491,0.33592265435674984,0.20408051286396023,0.32904060913361294
620,0.07714820574340846,0.13914324160827649,0.1592806404070349,0.25826820160765984,0.05090120165805865,0.09522237929008359
621,0.04894401165736657,0.17379153433999095,0.09505565384048355,0.3954025436478064,0.03295667736590657,0.11137132144555985
622,0.06429880572995178,0.08762714252760832,0.24654263999934853,0.3700256182858845,0.03697037631726213,0.04969817621451744
623,0.11882074839189662,0.19245094203722912,0.12258963311761795,0.17445554835363558,0.11527669207217776,0.21458584580261256
624,0.16045342738882107,0.3079080787793763,0.10867099026274989,0.21168369835933687,0.3065051206962971,0.5645202313164909
625,0.1668382004801043,0.25957399141443654,0.10114891236214764,0.16570817290996684,0.4759075393131121,0.5987210776731232
626,0.18964617082430646,0.32016907441112,0.13930124742818234,0.23239116510753252,0.2969766169326366,0.514506528603934
627,0.19272062359101025,0.3279995863363205,0.12844000311793205,0.2235537235347497,0.3858054188572306,0.6156229185209129
628,0.04622266845826871,0.1312217243058371,0.16501050410786722,0.45174835257665336,0.026875512485478127,0.07675918454897843
629,0.24049953503942198,0.4364762739367101,0.2124764471458901,0.3769113224033392,0.27703744161960325,0.518401547042037
630,0.1599577152872056,0.31123187392087803,0.20401375585199122,0.3522226570511006,0.13154996998675045,0.2787873108835095
631,0.10557587109315368,0.2867255176144775,0.07977915156738687,0.22561017691878119,0.15602767610221274,0.3932536500319222
632,0.14200077723462787,0.21539276642464797,0.08145633704628702,0.1353278504950593,0.5531235760118695,0.5274537141689293
633,0.051106254967951334,0.15565608699250658,0.038277785514805325,0.1170255811864521,0.0768678522200194,0.2323582694081037
634,0.2150382657236436,0.2767326581708524,0.14893587007292283,0.18413454050526248,0.3866421326393015,0.5566750291776207
635,0.15153957198677012,0.28956500634256743,0.11945386423133532,0.227072128821893,0.207192050146732,0.39951659703561226
636,0.15238077160121774,0.43672014407347376,0.1787667029548157,0.5104107032247701,0.13278215132206725,0.38162327357794507
637,0.12763283867103545,0.2537932125717711,0.093875925715871,0.1811490027441299,0.1992988629018041,0.4237083554086848
638,0.08499631769343392,0.1537140701682392,0.05264087343377824,0.0948033199500524,0.22056621842366286,0.40600615346988556
639,0.22605235547988312,0.366129281525016,0.17872500709924008,0.2841510446081746,0.3074728212963505,0.514589568176797
640,0.2185369733311581,0.40320104760190756,0.18196249362215747,0.3386840966898202,0.2735131428353454,0.4980822271905204
641,0.09240874842346695,0.17413318217509244,0.055944003519304016,0.10471693561763777,0.26539589874321684,0.5165534643144145
642,0.1624081863276734,0.2897437439444142,0.12411748345342748,0.21374981958415384,0.23486486669075518,0.4495827412184223
643,0.08716962149458443,0.2144630201668818,0.05732066136477902,0.14147061284261692,0.18188245104478454,0.44306381374079906
644,0.2138046565428456,0.3097842526541424,0.1650401616612553,0.23542189019023113,0.3034715349912877,0.4528139088730752
645,0.15961708869491736,0.28508556836249943,0.14815525082128503,0.2567756419725096,0.17300109274479025,0.3204114439960174
646,0.1858799702844108,0.28469137650797066,0.12592709782212702,0.19315837980930123,0.35479499870606274,0.5411101375341961
647,0.21557451648619366,0.33229133944675965,0.20474040536347027,0.29469173347295097,0.22761929448571053,0.38088879574867995
648,0.11767482897089011,0.24823081507008735,0.10852841999657081,0.22093286260536066,0.1285047779795679,0.2832255016436095
649,0.17879978817583564,0.2941672677522912,0.1519708718632918,0.2434063306238711,0.2171322925110804,0.3716786263821344
650,0.09390165452805793,0.1947114813724521,0.06932671565149343,0.14027038517852328,0.14546670035944692,0.3182160170952482
651,0.10214827842274847,0.18933238130984256,0.06043017354977205,0.11633464262627975,0.3298853963993788,0.5082484652428587
652,0.2563918649936893,0.37407184178767455,0.25907234554332803,0.36953748086855354,0.2537662833812215,0.37871886162843815
653,0.14034765143391506,0.2080281357622277,0.10663259015890957,0.15018257581029365,0.2052405481121796,0.3383496962660003
654,0.08027291000442457,0.20294060739467779,0.13202980039726886,0.3622679882161456,0.05766694116765852,0.14095003508923207
655,0.3345352279974889,0.4474248717737202,0.2679618447385283,0.36225435105102105,0.44512320202280403,0.5849551248675239
656,0.2876684752948418,0.4167065973170028,0.20309101118368486,0.29634333795615503,0.4929637410780106,0.7017170635617896
657,0.21941011146485673,0.33235144660195726,0.15225191789105805,0.2336853371947636,0.3925743119512242,0.5752192568345874
658,0.3157126308552808,0.4324651526215725,0.28719519575113367,0.3757843200657959,0.3505177661690263,0.5092818777950386
659,0.2418617140842031,0.3171748880640441,0.2596205099745962,0.3338537174901295,0.22637687897464878,0.3020832627562168
660,0.13181945245593546,0.2925659062041657,0.08549080384493649,0.19061541379794042,0.2877612553634793,0.6289699511253096
661,0.34933146472482374,0.467177859442873,0.26255772652602066,0.35043869500226926,0.5217749128061687,0.7005456921699481
662,0.322953456082922,0.3810916164442229,0.304383599204126,0.3572356370233574,0.3439363500794815,0.40836176791278633
663,0.1544810547442478,0.25215899565899474,0.0913517998714263,0.15992279877889296,0.5000301141382192,0.5957748090731285
664,0.10581509795109138,0.25583661368478794,0.09064094203262066,0.21704859921378222,0.12709140872984143,0.3115045241661641
665,0.18302853980939454,0.2951318207978306,0.1667471309129299,0.2601954458668552,0.20283346585117773,0.3409050538251011
666,0.07574700417117339,0.19111397113651024,0.04966621667267836,0.1272918453576666,0.15950810535132168,0.3832890742393503
667,0.18784314371519684,0.31442576801756167,0.12449728414319004,0.21608168675709638,0.3824270881905383,0.5770598954050775
668,0.11410364810041812,0.20114475158152473,0.09309648789286797,0.15879990198482247,0.14735397367391623,0.2742840794013162
669,0.08023345266815536,0.2088473535522658,0.1148794315105319,0.30172497268530946,0.061642856614742426,0.15969094819063917
670,0.2699556823124225,0.48169085877186507,0.25140066432950015,0.43430118702689646,0.29146792709128094,0.540689288071953
671,0.0528309030140295,0.1590039947082803,0.15254945796443772,0.39633712600072724,0.03194747334566922,0.09945107184691195
672,0.08131129884506513,0.15452325741861045,0.05919931489510069,0.11138626219773654,0.12979022922893604,0.25218978648243484
673,0.12943532014107606,0.22474097336292825,0.11016762802148829,0.1965930067949653,0.15687120195038745,0.26229625784115346
674,0.11290800110982727,0.21669497242508415,0.08231446396390917,0.15447785210889428,0.1796944130815344,0.3628258008860721
675,0.30075704552257,0.4241582848664997,0.22122925785522884,0.30950955847093803,0.4695523475336307,0.6737169397903339
676,,,,,,
677,0.019779456861347987,0.09892461608759046,0.01901600721260164,0.09265056932028504,0.020606772120612953,0.1061101064202279
678,0.11182885270441752,0.20803479720612533,0.09215578030322112,0.1751468207228207,0.1421811557498626,0.2561291252234733
679,0.12744736737841872,0.25566914402538726,0.10651631740108883,0.21381694802668808,0.15861636756239508,0.3178930300274943
680,0.2828769539085592,0.4555064070420252,0.2858241257616927,0.4495099246505267,0.27998993915555065,0.46166503920237134
681,0.3451520101636584,0.4913470754400565,0.43497484811615705,0.5968861865999385,0.28607680099085425,0.41752238009048465
682,0.051097210792123024,0.1384996617617115,0.16170582271452197,0.4040690111417242,0.030342557935183836,0.08357260376767413
683,0.2174295882826898,0.3070328666279615,0.1819536604578549,0.2523378088241193,0.27008958132221494,0.39200021453829714
684,0.12058357814904297,0.3065908941443834,0.116083241620994,0.2935674612824355,0.12544692779005617,0.32082347627580327
685,0.08509673051656717,0.24058330151137466,0.054457445319025355,0.1659608504095843,0.1945637498991316,0.43713716920552775
686,0.09931228016708948,0.20494750833705805,0.0920079533081129,0.1763976276249132,0.10787636869388098,0.24452353866186646
687,0.09570999666857552,0.20385777610595884,0.08076489815653905,0.17131910143264967,0.11744198820492495,0.25165458730786444
688,0.06242971477747448,0.1584328814214842,0.03937613063298708,0.10371629942391153,0.15060398854982301,0.3353503454954821
689,0.12727574139207462,0.2634235760150197,0.09559572178944005,0.19542913926186745,0.1903603644860401,0.40397663829738734
690,0.07254021602883079,0.1379797649287537,0.20322692383565513,0.37744957796071354,0.04414951520666734,0.08442011193014202
691,0.22590878465349498,0.3329273617070713,0.2275401702193055,0.3276242121454192,0.22430062552043456,0.33840501674501977
692,0.0633729994979623,0.1554205448554431,0.05011434201115157,0.11677958604434718,0.08617113512071495,0.23227880414159582
693,0.05191177754006675,0.10642919611556781,0.03203574628332126,0.06396409948776054,0.1367657490948709,0.3166494619812965
694,0.17460651846592806,0.28427370312879074,0.15448954301819284,0.24186966293897236,0.20074693617545655,0.3447069415296814
695,0.18994670556667767,0.36052281931122365,0.14426143610897332,0.2651103018678822,0.27797778570713455,0.5632266430700463
696,0.1204841122819,0.23182562220931274,0.08896328812849318,0.1757105861477658,0.18659824203378939,0.34059976255891417
697,0.23524589828580647,0.31139120059865555,0.15003921756535737,0.19931250159560812,0.5444197039319477,0.7114691475282624
698,0.16890763235508666,0.27600085267964874,0.12619906887205748,0.2032624280198559,0.2553102994079725,0.42981062491974775
699,0.35872502684251606,0.45833288417046436,0.4922367365749719,0.6178090227893783,0.2821862963986928,0.3642964066991271
700,,,,,,
701,0.061310209628049166,0.2053040997023465,0.04457353045629077,0.15435820071748052,0.09817247174273319,0.30644682401437945
702,0.08401426068182734,0.2474060320826519,0.0953081385816624,0.2714080179250218,0.0751134271581936,0.22730435643310107
703,0.20451485294448665,0.2865476999325897,0.23116507453543883,0.3268415226635712,0.18337426807034646,0.255098529020849
704,0.14985493355948415,0.2616865832168338,0.09718641459884024,0.17646627114631597,0.3271462744096535,0.5060920616871806
705,0.1180289973893272,0.245618752384151,0.07453378125047228,0.16344616763859618,0.28342635817710576,0.49395439881364006
706,0.05782449951342239,0.29799347540442367,0.053947969084044256,0.2673170505408158,0.06230127186009539,0.33662325180874475
707,0.23754682806241112,0.34572931555579456,0.31088388648620163,0.43876175846526727,0.1922057662624611,0.2852471915904931
708,0.1987826812250062,0.3417681135974248,0.14273387027340584,0.2463449410310454,0.3273115535312626,0.5578575353770827
709,0.1636807828628136,0.25703721240628025,0.23382602501151753,0.3622002408452614,0.1259093571084521,0.19920037871681373
710,0.13573799453294036,0.24063667218888513,0.1002523711782415,0.1793711054001871,0.21010867873096975,0.36546352015149225
711,0.1202870415082059,0.22884784492406804,0.07616633488266696,0.14840611189923444,0.28589931244432304,0.49970910415385256
712,0.0910470154249854,0.22456803947363904,0.05939957315482526,0.14563120500665394,0.19487346307714645,0.49035794070619454
713,0.11033194143410585,0.20918770831246042,0.1581151969293395,0.2984962778756746,0.08472699256367985,0.16101333627205747
714,0.12715638321987238,0.20067369426263057,0.08279954778271574,0.1292436985841082,0.27387482271415187,0.4486100898500492
715,0.08968009732961678,0.10867437826543377,0.0912537055326429,0.09844227069700773,0.08815984072488597,0.12128027183716265
716,0.07175036250054802,0.18685070376453228,0.048841116500120546,0.12619379635370803,0.13513748704925174,0.3597882053870173
717,0.13521802758372797,0.2638715957863404,0.09974588043506283,0.18974333619847708,0.20984374988664187,0.4330566426136836
718,0.013312817034880487,0.10713315852868104,0.021369101225254847,0.13094371891105577,0.009667942519473541,0.09064960439532549
719,0.17029829560792337,0.2570376077558684,0.10436550477319911,0.16042640827518756,0.46245153573044046,0.6461722994075689
720,0.08900544411231469,0.20619046276268677,0.0543619718561244,0.1287815224088908,0.24537929082046733,0.5168811969056768
721,0.06602198307989383,0.16461355934311594,0.07016539354267548,0.16835743882125265,0.06234064034900107,0.1610325680251086
722,0.17800101118511472,0.2898265912807731,0.1435912733004146,0.22653133735296965,0.23409994874603307,0.4022076733627636
723,0.21240054546772713,0.36486816671967937,0.16823283901699151,0.28054076335977507,0.28801602862682274,0.5216790233717417
724,0.09629805018056725,0.23090894099460402,0.07281107038050492,0.17041040538045177,0.14215293230328346,0.3580076139595101
725,0.0,0.0,0.0,0.0,0.0,0.0
726,,,,,,
727,0.16682045996826989,0.2783685360479747,0.13425139947672735,0.21660802241106417,0.22025339341726488,0.3893950801801937
728,0.09832766211458777,0.14926159550311513,0.07133837448898458,0.10398293931207321,0.15816640383521932,0.264387172479809
729,0.10694940559165023,0.20307189080266536,0.07548234221360153,0.14194369002852836,0.18340884906287386,0.3566738726392651
730,0.13989631050339868,0.25691299373572196,0.09784357322165436,0.17262311116241286,0.2453441442412031,0.5020661079083492
731,0.024123120633191195,0.2641612772334931,0.02203867992980325,0.24695015886383598,0.026643047049328208,0.28395117015445986
732,0.09482579698237846,0.24376994300930147,0.08727049907318221,0.21852744757635503,0.10381325652858236,0.27560564260652826
733,0.33499972469384975,0.4363741211424108,0.3763059935599247,0.47693300414352763,0.30186470940986426,0.40217291458478366
734,0.07958539451447155,0.15646560630588185,0.0544357004168534,0.10387564705784971,0.14793026560611605,0.31691036605754475
735,0.11927267814790612,0.2769593906375697,0.1092009781312625,0.24697008116859567,0.1313909812096757,0.31523845477356943
736,0.1778600839573015,0.3051394390836469,0.12593531271399028,0.21922928987847032,0.3026442564451868,0.5017696799303104
737,0.1359701078571225,0.2930640506924726,0.11219348750842296,0.23905067127512528,0.17253450713006138,0.37861102127721236
738,0.07819987404295832,0.20801736202141025,0.06263862233221035,0.15869925277651548,0.10404855479269601,0.30180887538258644
739,0.044760029414278035,0.141028661165882,0.028915028112009536,0.09307677312644666,0.09902332471450119,0.29089254575058465
740,0.1479224538806477,0.28212834338116893,0.10056170605651814,0.19421514435875467,0.2796065112460419,0.515452438467636
741,0.08583129817113573,0.21698489433775675,0.07725504691945115,0.1935647953717433,0.09654946483694112,0.24685245886884316
742,0.1287288652224201,0.2845556697143521,0.0865115172771465,0.2014866518161314,0.25142201819649695,0.48416918366893624
743,0.3486421720046618,0.4184869682809961,0.36436476466820555,0.4331671060299044,0.33422033252480243,0.40476924102950895
