,0.5,3.0,5.0,10.0,15.0,20.0,25.0,30.0,35.0,40.0,45.0
0,0.6856550312432667,0.9215053054299471,0.9594602088654367,0.9618922316063165,0.957557769017867,0.9507694733310493,0.9417114185812153,0.9321512887279564,0.9254257251317284,0.9215063970566579,0.9188235890349079
1,0.5567812687752572,0.7303218494487574,0.7902243237622834,0.8585793993682762,0.880390991879434,0.8795933114470721,0.8740447375857507,0.8663898004547026,0.8598372484775323,0.8548818396465296,0.8506761595625839
2,0.552556759130095,0.639599773414937,0.6542682301737349,0.746172446619546,0.7660974424762047,0.7590636059845043,0.7566012946212176,0.7592348470809344,0.7629727768167037,0.7662539577907821,0.7695404195787313
3,0.719702538316906,0.8781579045902805,0.8877934789288159,0.9023031042201859,0.8967294421348617,0.8917941025418755,0.8893641434846599,0.8897022005363816,0.8895049295525949,0.8881240499517944,0.8861384153434951
4,0.4222141148152952,0.7584659171116115,0.8241158396110534,0.8623647296498506,0.8650738487392075,0.8658162935350716,0.8618260456944817,0.8509970473020123,0.8379503736365712,0.8263625034425679,0.8192573569105263
5,0.18521506449973513,0.3347465570309484,0.416323971264177,0.5528895938937609,0.6347820719233785,0.6580891496611224,0.6455455686215036,0.6324625742304859,0.6234400556849736,0.6157055481242832,0.6077930918678682
6,0.416162209162674,0.5809587257824216,0.5704593476543249,0.6520076257284607,0.6971531100158387,0.7210137360830692,0.7251432227363895,0.723800207662236,0.7207647697503874,0.7177512942310403,0.7130001342150939
7,0.42948984102229515,0.574103582491175,0.556034670721539,0.6007588545754569,0.654668375697843,0.6822639419765398,0.7013890280037921,0.7221157851213011,0.7415049902375568,0.7569946214979305,0.7692643873597945
8,0.6979553661680573,0.8984351194011015,0.9224064883453416,0.8564021244914957,0.8139947003151077,0.8016669786640208,0.7963965570553319,0.7887032329141659,0.7761411747976389,0.761606050851956,0.74956479693208
9,0.5678658100714213,0.7988119307798821,0.8216094383848883,0.8390978906496043,0.826821126760262,0.8040306040721599,0.780132021857613,0.7579002272568451,0.7419462909972375,0.731024329387466,0.7270015525856802
10,0.5665397598292429,0.7501015106635582,0.7956382521901988,0.8124395337502223,0.8099255694437623,0.8028808797135665,0.7952541598892375,0.7837676440994884,0.7646295919264637,0.7462361141672367,0.7296950527588429
11,0.5544778040324563,0.8164520889253757,0.8661296563355388,0.8747476254233154,0.8627235866651657,0.8545028714431535,0.8447676591392891,0.8295642833147407,0.810553408472638,0.7922082010796024,0.7772764867115827
12,0.4515996093891887,0.607213056231132,0.6159803047728932,0.6694649484913172,0.7349914436355098,0.7631015969365025,0.7774660200958957,0.7834818909329252,0.7901118386987382,0.7970211814371685,0.8038395345996477
13,0.7659352010239342,0.9447687392414799,0.973716023443422,0.9850640594781971,0.9897978583621196,0.9914979078274311,0.9926012734745134,0.9932316384464186,0.9936301636617755,0.9938985697618533,0.9940883133744054
14,0.5317789245735778,0.6448460128373042,0.6527701511649859,0.7359281152381927,0.7669502698716401,0.7733657221854499,0.7713566833788787,0.7639709929380734,0.7531104135520035,0.7441142044298642,0.738064128932552
15,0.12482265275803037,0.4249841270740839,0.4838749101559406,0.5140008338819988,0.5259898038941971,0.5462039061804377,0.5557405843948084,0.5545357336144319,0.5566489138169787,0.5622112498282152,0.569845631396257
16,0.6574595715264261,0.9114104853914875,0.9469137239952002,0.8998875466298452,0.8250393739127658,0.7773041821316948,0.7475356435631696,0.7263505110109916,0.7089959568001618,0.693253119636983,0.6783940298941269
17,0.5424405608616135,0.6312642474886481,0.6359660600828928,0.7301080846087551,0.7511902672628424,0.7594881080704696,0.7654516422801179,0.7718875329704257,0.7771330792604928,0.7831530087098714,0.7905345101087815
18,0.6226573057176363,0.8880807564894421,0.9319171155968029,0.9150632440563835,0.8846998130076209,0.8453604652594942,0.8134690040848823,0.7910773139951309,0.7756107061340053,0.7669385433083612,0.7607275350908004
19,0.47822095344620613,0.6164148012505363,0.6345667826293179,0.7514029892057618,0.79988833384799,0.8059829721276925,0.8109280713758139,0.8137466639511978,0.8172618013759055,0.8210899767653794,0.8240462808606243
20,0.3688874524831865,0.7240124738422669,0.7867433422830146,0.8332348793245192,0.8446463802973854,0.8427013181545251,0.829264217983614,0.8134809847646921,0.796359853076764,0.7827338376489018,0.7737088614693639
21,0.4503966003558655,0.5691092501419658,0.6286798718515116,0.7112989151917566,0.7579423040484301,0.7835930927937557,0.7981178877586703,0.8158490766613354,0.827590134034339,0.8335157692268361,0.8381921610581557
22,0.6813939268704464,0.8543011980911815,0.8808833584183091,0.9092634535649682,0.9231296575425467,0.9263011537360889,0.9263331216444786,0.9251978855685067,0.9206639118191025,0.9150911510125881,0.9090577176075847
23,0.107154380622419,0.42932294898811485,0.51789503941474,0.5363770132609936,0.5249119238589365,0.5391418095109277,0.5420741219288272,0.5421221429957979,0.5494440895199527,0.554832467165963,0.5560606407284155
24,0.608500837770369,0.8800017776547014,0.8811250423093755,0.7972731690361942,0.7257469311462966,0.6677612219934268,0.6388879816186179,0.6195877257326261,0.6005629556349898,0.5839693157638179,0.5692279298486215
25,0.8191138129551678,0.9348381601036189,0.9495458807766327,0.9457267605790531,0.9311093921346626,0.9164790313458465,0.9057345154279067,0.8971748976115049,0.8896257359886295,0.8831021821153676,0.877005599304663
26,0.8265209882854987,0.9549274381840018,0.9648463229958238,0.9634906288083106,0.9606143778036288,0.9535927657628473,0.9462395904711451,0.9385164050093082,0.9319577250448804,0.926047270670336,0.9204808592791999
27,0.27022687355151165,0.5437936401377572,0.5841993068003761,0.5820766375710384,0.5721876107970251,0.5587176306645976,0.5372346041518999,0.5148578276358917,0.5010430306984209,0.4934818257948924,0.48484485200004096
28,0.6754361209990785,0.9165787312086935,0.9455454369336973,0.9662738849142095,0.9622709312860273,0.9559294691177515,0.9493356951347148,0.9423079301731349,0.9351598592030456,0.9282249694069719,0.9234974137887427
29,0.6117935645611995,0.8423641570049402,0.8767115684029265,0.8716578905898895,0.8656954904090829,0.865905833638964,0.8739295531239628,0.8767222863634363,0.8757583107149767,0.8734778357412198,0.8724668354850365
30,0.7683769612065399,0.932761345285834,0.9526715568872494,0.8542818715980012,0.7812205397555267,0.74457791180097,0.725299529353054,0.7126161611602921,0.6962553000920005,0.6820085285721889,0.6697553785336903
31,0.8232713045186087,0.9542222757425459,0.9608651550090315,0.8944849428193812,0.8667615552925907,0.8588428058975819,0.8572994775913625,0.8555865900816736,0.8490076687690079,0.8417735688681224,0.8360140446437577
32,0.5963418862690708,0.6347827342172191,0.6390732681300784,0.7028312996849435,0.7681671914783844,0.7980582468744709,0.8011754727776438,0.7995049647572475,0.797469641312041,0.7966838037344594,0.7967710588157373
33,0.013078315820656519,0.2759388698238509,0.40574386408863283,0.5553976954116131,0.5869149614420377,0.6060928487884673,0.6225470362022141,0.6380658985292496,0.6483122855323928,0.6554467704739564,0.6606669751955525
34,0.3425556447451304,0.6055576545668867,0.6615455982715481,0.7640376417048726,0.7802320318838136,0.7802875121987942,0.7754456323356433,0.7653168228086545,0.7550880917287036,0.7444659465931159,0.7359599479025012
35,0.3810343019913666,0.5544207288413207,0.5947531532288715,0.6470892282337551,0.7117389651673689,0.7501828054819825,0.7648264446409434,0.7645780035525676,0.7557672962246108,0.7426893903006531,0.7294144384320405
36,0.6902876034530915,0.8420373099437757,0.840623488336312,0.855196562568685,0.8667435891591294,0.872729815853678,0.8821568268728199,0.8946182146476087,0.9046587918562371,0.9116342296182463,0.916248094662485
37,0.5310756639611504,0.7943995823346262,0.8449005526024203,0.8463132744964778,0.8626749388892401,0.8790757309603119,0.8857147800007752,0.8929649326770346,0.9005095945524819,0.9055316356653023,0.9092098604104634
38,0.4419268183761583,0.530829106374664,0.5531332428584795,0.6453206097804691,0.7091904887345862,0.739148663525905,0.7541049077228986,0.7652359113113105,0.770632230082125,0.7740111442340367,0.7739853585272893
39,0.04992057906406574,0.09747512785390515,0.15376472382114703,0.21531079215096321,0.28427075280554404,0.33108435624896604,0.38371749464241695,0.42837778944620114,0.4614956745050421,0.48329015739065534,0.49967886790479554
40,0.39923089342695917,0.6145757540562794,0.6924619313641683,0.8120358088638902,0.7825988850379223,0.7409573488546431,0.7136403272744607,0.700312664497109,0.6931359510426424,0.6884044551278,0.6850932012785135
41,0.6481380889816151,0.7867396206964481,0.8024850428007287,0.8681701552637556,0.8793555433118311,0.8739625160491712,0.8663953478049813,0.8597277775260753,0.8542143401243235,0.8492613570041031,0.8447149523860316
42,0.6046867603560626,0.8302244780859594,0.8620184892522199,0.8778241626580449,0.8760207782053423,0.8757645386606328,0.8785731975706105,0.8850407814476782,0.8906086955748476,0.8943691140649849,0.8976283436822303
43,0.2343169861280079,0.5850135277586813,0.6485995059233973,0.7452835076655833,0.7818818687458707,0.7944677630801996,0.8009413170360858,0.80730118643859,0.8104106622198881,0.8093158294283948,0.805483136775754
44,0.5836832496576908,0.6457273489133176,0.6686251178042139,0.8204047161412841,0.8903956773537464,0.9260671086386113,0.9433169597082856,0.953362248232962,0.9598607859440276,0.9642998087411125,0.9675309853386787
45,0.4131018472286033,0.5990974334270786,0.6134287143918605,0.6849569062705216,0.7900490129350624,0.8436359750047469,0.8776280534067937,0.9030110991204896,0.9202301061576983,0.9312299962742199,0.9389374315346198
46,0.7292514722003064,0.9137079604034835,0.9147417902400159,0.9151534385076955,0.9168538607552941,0.9205236617711612,0.9241137496438833,0.9264230787812945,0.9280628651290402,0.9292930742405506,0.9302352520210623
47,0.38955844155844144,0.5058119387994829,0.5570252811021122,0.7126362660347692,0.7886853509209598,0.7871211448108879,0.7705354015765935,0.7581220452617138,0.7501276019936162,0.7479051455486428,0.7479973512878799
48,0.3135958877664164,0.47805794834674065,0.5353964899848654,0.5874979364961117,0.5664889777133294,0.5536831194660864,0.543286439098805,0.5347961624542867,0.5279063800751421,0.5232099857010828,0.5205593430293025
49,0.7566390288238092,0.9336251936686533,0.9221230555603781,0.8812427760314165,0.8733893630635113,0.8747626715150341,0.8791491844280167,0.8825594926113947,0.8867470018933211,0.8903309755551765,0.8931685418929692
50,0.28026578073089703,0.5426401045170842,0.6726328848384855,0.7431629562309593,0.746192082760043,0.7214817004460119,0.6785209395436207,0.652000647565959,0.6396173129652473,0.6337930663742755,0.63070422461346
51,0.5375421935838842,0.6226033598814555,0.6338438337709124,0.7133740552659318,0.7421773200546091,0.7392336537434553,0.7376733787695705,0.741175019477648,0.7459940753633202,0.749407097553035,0.7518981797737214
52,0.6395164764294015,0.8068311920176482,0.785711584654235,0.7612940655393753,0.7647286834244746,0.7772338137918815,0.7849599218975539,0.7829834492916348,0.7752389371918919,0.7652220817721967,0.7572566700965407
53,0.24029128908296796,0.6793278699134072,0.7631904520916172,0.8018401442416966,0.7982031439805717,0.7822398393099993,0.7770697919652253,0.7743279420985837,0.7756203627095446,0.778022806501136,0.7794614684127591
54,0.7146120728727153,0.9236176544413615,0.9538269666365417,0.9316759993569114,0.886146710156075,0.8387140364741585,0.80396016553066,0.7804973024248054,0.7650893785915966,0.753557650520791,0.7452349507401128
55,0.5843837535014005,0.6762091880743349,0.681265226635637,0.7532104053019414,0.8142318045078123,0.835175586353313,0.8398219732585214,0.8384084521066623,0.8350875282920533,0.8283729366339235,0.8213364728657253
56,0.3039338968550459,0.4784928803659223,0.5318929401350599,0.6244017579374543,0.6464960656603486,0.6729964861812748,0.700051511795866,0.7250244570522733,0.7473073834959397,0.765436525606877,0.7802052010776445
57,0.6549644339063427,0.6847490928163372,0.698098154005632,0.7942800919965967,0.8259640975024397,0.8093944554013435,0.7880543620277882,0.7707505552084355,0.7581355902598504,0.7497491953846708,0.7449251612800566
58,0.4885410812187711,0.8493147109648153,0.9032634718890346,0.9512936481869022,0.9624422302060185,0.9630284997861819,0.9567624946085543,0.9492644833290256,0.9416843893953882,0.9353265007183645,0.9295951166145309
59,0.5789661917061609,0.8170895312274221,0.8592048988709657,0.8869346406832701,0.8631147048326434,0.8423707095740492,0.8200576266946824,0.7996842835135152,0.7832205227596432,0.7696045788366382,0.7578399858714782
60,0.41892141212900186,0.6468033827795495,0.6793255771161416,0.793919037843551,0.8659495340971923,0.8975508618982428,0.9143294654097454,0.9242343234312843,0.9308903207788208,0.9357462598711374,0.9394911475246736
61,0.4424908363805879,0.6029258506108771,0.6249526052461462,0.7409298864817274,0.7920333015269541,0.8114762751593178,0.8241382537383777,0.8335935877921411,0.8400411408628453,0.844717190711252,0.8487808911748896
62,0.7161073161844441,0.9152398448080646,0.8989164252014755,0.8807563359086935,0.8743134729683267,0.8772825453777081,0.8779675869345328,0.8791355535504669,0.8813604025901705,0.8831609886543177,0.8844787314219636
63,0.7857407613906562,0.9342984904850233,0.9555274174997048,0.9563761855232145,0.9541047204705491,0.9582232833865683,0.9613512716886894,0.9638857945414773,0.9662267717906878,0.9686503289307608,0.9707678878124436
64,0.4874716146449799,0.623064049003673,0.6204934915601852,0.7257177034367235,0.820174054226276,0.8638880214330663,0.8905033194925043,0.9077116412383476,0.9211316721790676,0.9323527284141412,0.9428127810191486
65,0.581521959313561,0.857672270225523,0.8943442792722165,0.8750226221941437,0.854956902309719,0.8321189851161642,0.8123058047733915,0.7968832286601982,0.7839544232929011,0.7724350433386242,0.7621037669320382
66,0.0,0.09719529130556154,0.1453929286658289,0.27691644952643885,0.372366103273465,0.43729530950569057,0.4822537769198522,0.5138160534318018,0.5360855952682575,0.5614793129035172,0.5853363828890672
67,0.6485262799216289,0.8085702662013754,0.8293514317476413,0.8465511077222074,0.847045213317835,0.838938866138635,0.8301493947023659,0.8238686256665487,0.8180672211923263,0.8104043931708025,0.801935808470835
68,0.6243488752201486,0.8943470942292675,0.9286740861997301,0.9498428415417288,0.92524624119103,0.9035883564698738,0.8867743520760869,0.8768541497721215,0.8722389727853627,0.8697491988626505,0.8677427194862397
69,0.44625902265397854,0.6918460215457319,0.7416820180623365,0.7639544793377187,0.7508441188052751,0.7179528657469594,0.6813671103213808,0.6434990547624893,0.6046087170213748,0.5646008167778904,0.5264050948027932
70,0.5406341941811049,0.6236732472768807,0.6617813603775825,0.6820085918491883,0.6815607216381809,0.6846491017883367,0.6884292467539812,0.6867083195439712,0.680959818886505,0.67568675576862,0.6723297445330111
71,0.3698540531073838,0.5831327336404254,0.6194684930017748,0.6444557842330747,0.656234280735722,0.6660599421659887,0.6702626772161603,0.6670411811881878,0.6582328694810896,0.6504828489735054,0.6440777455229113
72,0.24600582831863657,0.5251731258252929,0.5975989613774344,0.6750720234022861,0.7326179606668197,0.769344062501672,0.783171603668132,0.7844678181183085,0.7846922840765773,0.7858804183578689,0.7836870033356799
73,0.4112368997936726,0.47834966053630446,0.5457638031724014,0.7084774587654413,0.7662209854658957,0.7823529925729703,0.7768345601530103,0.7599631548672587,0.7444880071812487,0.7321638766180081,0.7215368704176361
74,0.47192276454779536,0.6467816854649534,0.6412792021819705,0.6994558003318497,0.7690198913425136,0.8102527875397456,0.8413312703072076,0.8604613240392084,0.8702135947098444,0.877510447071546,0.8838067474990221
75,0.5044939363903024,0.818730975528098,0.8765228819794694,0.8589937944530248,0.8142570921518534,0.7660824832400588,0.7227530362402236,0.6866684555357464,0.6568671543822737,0.6322091442166389,0.6135892823083771
76,0.3008593593638669,0.45755893925623814,0.5753803851061857,0.7753114010022657,0.7835782998961667,0.7769978214432374,0.7806002238410044,0.7850733149223544,0.7882929264336188,0.7908053690193043,0.7928163188146052
77,0.25888571472825006,0.4088665391921748,0.5022387952837526,0.5509540756292771,0.6032879395768839,0.6446847419354812,0.6708472846943278,0.6886688172974721,0.7023622529462695,0.7197079285899451,0.7311684775154709
78,0.7986266391382564,0.9452981383478464,0.9387717893607921,0.8715634699531756,0.8111047568653876,0.784986854441272,0.7803856589751499,0.78011749883853,0.7833229466134404,0.7856154257676407,0.7872953660407307
79,0.32447925963776547,0.5745046577598405,0.5923699609155535,0.6300162289559154,0.6784548169787367,0.7073031997597615,0.7208041741991861,0.734100550262809,0.7503435373103678,0.7641701271680367,0.7738177166434218
80,0.26666666666666666,0.3410007265655868,0.39980523787657024,0.5073297747443432,0.5570192251695705,0.5801850955943884,0.586567215868685,0.5769416615535242,0.5707412436611943,0.5679901585362259,0.5652512112479613
81,0.3548657049493903,0.5090971088164062,0.5542225435991192,0.5780388953195434,0.5972284528696412,0.6298182148678125,0.6614593628868098,0.6732093083911498,0.6758232992503281,0.675583401438315,0.6754076668941607
82,0.5333557772327995,0.7718656890064896,0.825965676745655,0.8387219178893618,0.8257316035252544,0.8005484523054578,0.7805408209586735,0.7686841271218406,0.7627972049826399,0.7609914297818092,0.7603385874059397
83,0.7353741496598644,0.9309065520865963,0.9600381837691234,0.94104603706528,0.9076349620554814,0.8840752672432202,0.8747045858624165,0.8724101917345881,0.8729112556378783,0.8737216607052173,0.8744877985847433
84,0.33227993101807707,0.4526132567540365,0.45512750698475146,0.45148338692406537,0.48858284822575593,0.5330782593500046,0.574969234570796,0.6125741951695672,0.651172209837426,0.6890711913046984,0.7238031127622897
85,0.605159618788373,0.8590619115695504,0.8685403484216617,0.871282658259696,0.8428863286900434,0.7972508177428723,0.7656919788272816,0.7504335631347531,0.7447800649511503,0.7444531042765428,0.7452524755577803
86,0.6338449240274813,0.8433128902777995,0.8706237690392089,0.8411597902333781,0.8178801309960385,0.8173346696338728,0.8152301822969998,0.8033166919744528,0.7870354246290883,0.7712848948989679,0.7555295204933831
87,0.5308794000222785,0.7540242170271776,0.7953876402602477,0.8047607266365152,0.7331594703225369,0.6617776991387121,0.6192391244296667,0.5966830853030419,0.5820878167604655,0.5730772679333704,0.5660672914170956
88,0.7229963126037576,0.9327688966595745,0.9364610621679743,0.9084483827229267,0.8727346958706043,0.8312792644984975,0.7995804179411861,0.7862809334853663,0.7832083074443529,0.787248715185367,0.7924362988425473
89,0.5282421591695157,0.732457466453314,0.789456533192007,0.8164226125402282,0.8086371771008266,0.8054630371512356,0.8019584011424262,0.7956464054775391,0.7928331116071355,0.7923457419924531,0.794155894168711
90,0.7061551124931411,0.9301239093013235,0.943963857842824,0.9470562774226063,0.9461176967148728,0.9469593348882386,0.948894379808924,0.9505954825724394,0.9518068319092358,0.952682046595814,0.9533243255520263
91,0.4277382962667331,0.5837409848967469,0.6063513757020396,0.6925746942881582,0.7138174301024913,0.7138520213884099,0.7078842932840586,0.6983346081935276,0.687283760910229,0.68047046580515,0.6756422459236443
92,0.7129809808167104,0.906068504247461,0.92755124700378,0.9283011765903052,0.8912786137980946,0.8779504902101165,0.8750590437514033,0.8730823572572122,0.8645136827129066,0.8526519840658938,0.8448572756093
93,0.522097874969165,0.842273786427194,0.8920819556390842,0.8875683331737346,0.8533525579745269,0.8321223153170663,0.8112688999980674,0.7891675052582585,0.7717569192415407,0.7599218000073058,0.7529031822011507
94,0.7971261688297591,0.9440248861648383,0.9647036222611206,0.9469871193075559,0.9251038222809665,0.9028502102260993,0.8825320595794519,0.8650413065726872,0.8544131110151906,0.8504953789528804,0.8476092661949274
95,0.6158840294417612,0.8924870062519689,0.9353270036784038,0.9115708449523199,0.9000650366617097,0.886510977144865,0.8651639219169602,0.8495562851930499,0.8420293277967312,0.8387044216017443,0.8388020479280157
96,0.8252748418067003,0.9555770779319221,0.977171646934452,0.9831980680225024,0.9857581305155099,0.9883618966515738,0.9902139473973547,0.9915141989115869,0.992284549338397,0.9927220697010557,0.9930169070544983
97,0.7543220758848697,0.9164152569806356,0.9455496248126971,0.9589678218392261,0.962716617106095,0.9646952627783307,0.966666380160363,0.9691524082238178,0.9719108933826035,0.973627635527209,0.9747363195062364
98,0.23869522035852764,0.5183269540073077,0.5684236939995736,0.6745117462440672,0.7678664331025804,0.791931395644516,0.7997811976107798,0.802478599033,0.8051520860859478,0.809283061989092,0.8130073015470283
99,0.3903668405515635,0.5332768926079977,0.5694230693493088,0.6650509413503033,0.7058948527129356,0.7241621231999353,0.7410902003642102,0.7552214592033445,0.7656120871113989,0.7723733440735351,0.777115332637273
100,0.7737065365348508,0.937499243989217,0.9532231939933591,0.8768673244782611,0.7890582625418914,0.7368017670141399,0.7161383485707468,0.7111565638420235,0.7118327495603861,0.7140394426368749,0.716302030655865
101,0.49025880913162057,0.7181198765607333,0.7750974086021245,0.809390435442483,0.8179184844890734,0.8178087429565225,0.8122736626470878,0.8055122856313041,0.7990454485702094,0.7935798266656271,0.789108394043744
102,0.6490624136126047,0.7901608696392249,0.7813067556192067,0.7958247563031562,0.8214559392713439,0.8428417962207821,0.8567960448180837,0.864371736002866,0.8691688221479911,0.8725245413778765,0.8749283432175782
103,0.5459943263833515,0.6444838448069298,0.5994095041165731,0.6318787516803762,0.6679408501034755,0.687817228374505,0.7000582739711488,0.7080911773301358,0.714469467206706,0.7205919303875473,0.7258080082930418
104,0.4488227832877835,0.5636524813720969,0.5593330417491769,0.6200915296092142,0.6804255168799648,0.6874801071291671,0.6682632954223581,0.6567480638443699,0.6525090899517287,0.6549604111353865,0.6620008754700577
105,0.28574921187138513,0.5822549741494131,0.6356570497011289,0.7056811860846213,0.7499895477337845,0.7741768088752028,0.7835017053419229,0.7808805144059969,0.7708383720927019,0.755338229537506,0.7354618684256911
106,0.4852363019697365,0.6027145850346373,0.5651177238220677,0.6576857174098656,0.722969056065603,0.7442447649278264,0.7526911938217651,0.7574434660192677,0.7619470027674252,0.7680411465502746,0.7755807642773677
107,0.5985824175824179,0.6759899630435989,0.6816192474341939,0.7367609031254727,0.7478831511788274,0.7449393052870874,0.7386352418692685,0.7335705403389772,0.7294436061319503,0.7285913263604616,0.7278474568898324
108,0.5580516575614877,0.7393626202859572,0.7375344618279153,0.835367586262688,0.9003293364830783,0.9264182928629673,0.9356428634779324,0.939606052476674,0.9411509097439072,0.9413674837487432,0.940960410677234
109,0.43394113637571474,0.6242194771855661,0.6209752948213719,0.667273353677345,0.716850454045721,0.7368447208023771,0.7455295362321168,0.7485110967159126,0.7494574584868902,0.749127978094055,0.7486313576384271
110,0.554230423096554,0.7450815327677066,0.776408365013621,0.7902229300835916,0.7916966113314609,0.7875842379722867,0.7851929250300657,0.783971399933224,0.7817300894583366,0.7748801002838316,0.7627833500667748
111,0.7720257071625581,0.9204410256240546,0.942525672125882,0.8881192324676345,0.8652549172435082,0.8622393228527113,0.8584187370386712,0.854104597596196,0.8527771052983295,0.8523959630052702,0.8523019633660383
112,0.7222973935336846,0.8226220303885353,0.8026489718247677,0.7243323869261785,0.7005263562657396,0.6990127015807996,0.6980093868240403,0.6968173183568801,0.6957606497119054,0.6948821547638646,0.6944340884457574
113,0.7450542408343241,0.9235553928688328,0.9437029748605789,0.8998219686712702,0.8682858853771194,0.8502869579247665,0.8420825079964371,0.8422138873533509,0.844591622017915,0.8469346563222128,0.8489737414034954
114,0.8409282700421942,0.9534230575788893,0.9694594466798433,0.9680195362501633,0.9628894664523701,0.9589514119138409,0.959248956609181,0.9633173983567436,0.9678050477301233,0.9719009572890938,0.975544849953095
115,0.6691463096763226,0.9165865011408194,0.956799406015532,0.9727892696450791,0.9784589766311943,0.9808338933090259,0.982355239979752,0.9832545856764552,0.9838435073457036,0.9842617836785793,0.9845770550361403
116,0.47446110750310694,0.6199229516479228,0.6284509956559867,0.7059352941641137,0.7732955272761624,0.7962936606941893,0.7974394318170112,0.7867128698356504,0.7767944265731401,0.7706036287117219,0.7662643395613122
117,0.7447983452065051,0.8979960404753563,0.9218753495319891,0.9451929135048304,0.952663811895137,0.9548973987590448,0.9566750175787151,0.9588604548074456,0.9608531657863771,0.962597249683567,0.963896665121027
118,0.7547121727307399,0.8994416496999608,0.9315206998753732,0.9480579098966734,0.9553623671371231,0.9597139038892765,0.9652470005515666,0.9713962003918283,0.9751010877998785,0.9775899110373804,0.9793896636357429
119,0.6934017396019972,0.8792448671361491,0.9130318208078073,0.9305925828951082,0.9300402979137729,0.9288252645234164,0.9289247130470006,0.9296434219582613,0.9305627289047879,0.9312724726403404,0.931820366096256
120,0.5992201883060225,0.7779130365635838,0.7860752880652947,0.7347472894009385,0.6841906612725601,0.6459869380038612,0.6234085299246714,0.6136067592512031,0.6100471855446593,0.6050982609838998,0.5946671073039433
121,0.1931034482758621,0.32463875423085453,0.4229377844635431,0.5480030322866895,0.6364635094721366,0.7224793017145608,0.7951106961832121,0.8578810707007967,0.8947172417864582,0.914161779655588,0.9252341035416697
122,0.447164272402817,0.5110779787661688,0.5517404972614897,0.6276694093950027,0.6423552543354448,0.6486038134394688,0.640371261029957,0.6365757573558934,0.6362442750096836,0.6413170364680734,0.6470120209297102
123,0.26666314353569565,0.39885834435877165,0.511328574458595,0.650707098333664,0.7137107704070843,0.7486946484973258,0.7718490667259027,0.7879810446222439,0.794805970824088,0.7971958351162444,0.7973730210123121
124,0.8400776886017132,0.9613763860208948,0.9787411372101515,0.9788961986074584,0.98053791597341,0.9824921757858207,0.9844635199059432,0.9862698085613545,0.9874382467685837,0.9882588127577301,0.9888715763595824
125,0.4042032382934325,0.8111817235791235,0.8792991421837663,0.9077313411624889,0.9207992398867656,0.9210724295414668,0.9195336175909787,0.9167340537832763,0.9151374178164484,0.9140269823010914,0.9130498816253838
126,0.44190761084484875,0.5033742216099458,0.4298551780876486,0.494169310790499,0.5673423209826299,0.6041833522248341,0.6324054007047024,0.64323042668925,0.648572831851419,0.6536314485865748,0.6607404302732838
127,0.434729642168348,0.8033730277312285,0.8573438743398675,0.9143364887850529,0.9196663494281088,0.921157661789939,0.9216774439563921,0.9231276326125416,0.9236269594881943,0.9232588046624558,0.9223075757080544
128,0.6975676462100304,0.9032739398216143,0.9066345835707962,0.8575855153174138,0.8113783546589551,0.7818139325254736,0.7464489825101458,0.7190557218419489,0.7024241643575584,0.6943365532453083,0.6925425188579852
129,0.38116016177640755,0.5317947227703029,0.5864616255987518,0.7337433388928294,0.7882898328001882,0.8097485520824312,0.8212100041658903,0.8320220294192349,0.8395747628286532,0.8449036557102458,0.848766614887487
130,0.08749138206503179,0.344046340035934,0.43212501727629765,0.562553713076062,0.6386330815762439,0.685250524726837,0.7245721116265587,0.7583098606643215,0.7909601783784146,0.8268787807784925,0.8604346327999921
131,0.4566046578097466,0.6063287583225387,0.6455325881116524,0.801650173994688,0.8690720609362926,0.9003745186191041,0.9108317630035064,0.9178222631323054,0.9233674761168811,0.9272717529184148,0.9301630280648788
132,0.219486519506397,0.5274170071004165,0.575046452426054,0.5999524565568602,0.6385099056528476,0.6773594496994259,0.7074594362624138,0.7252568420088507,0.7409522658219296,0.7534760340184441,0.7646447436870385
133,0.5509427992474777,0.8519131470392453,0.8930880240612885,0.8530497478377899,0.7740657185399223,0.7121832963035126,0.669825089112365,0.6392481447234695,0.6167154424881097,0.5997125291583576,0.587338268688217
134,0.7036539513821447,0.9026763945265665,0.9277608400780301,0.9251897685424834,0.8913405834154299,0.8527017722208379,0.8111183792474281,0.7823928417203845,0.766548783070718,0.759940589343536,0.758287742887167
135,0.790797483766234,0.9463554980120255,0.94782494829966,0.8461989841311308,0.7571740130881172,0.6789454848230663,0.6125384569963755,0.5614081701983618,0.5246061022616622,0.49506168088015273,0.4698255066830891
136,0.211013952388704,0.4517948104784499,0.5778550263812173,0.6469149744812018,0.6742134071306916,0.7014877413943644,0.7131837260532675,0.7147147843154378,0.7103561996130383,0.7012744922866896,0.6895701835374439
137,0.6426394271686394,0.851883816554922,0.8778537946593873,0.8872830872421049,0.8882394852178374,0.8994363410936667,0.9039994694011337,0.9083440956142975,0.9125009505735596,0.9154797829510873,0.917768587539001
138,0.3955988440992723,0.7598050531428255,0.827750963391883,0.8621268740487813,0.8621656917804714,0.8466039931696998,0.8251157331324942,0.8048834312931407,0.7902524388266651,0.779591976467179,0.7724777815066988
139,0.24783517341704844,0.7665408778525636,0.8435723717741639,0.9203953309114304,0.9287216493242144,0.9286159277799468,0.9195998088632867,0.910858938178726,0.9025265314789965,0.8951185428564656,0.8890938324275972
140,0.626271242332075,0.882627256528866,0.9259599562004759,0.9368785958486231,0.9350180313173745,0.9380508089915012,0.9441716639771918,0.9508437604190263,0.9575253504090497,0.9624769624357176,0.9660595213227815
141,0.7029711238223977,0.8414110812668735,0.8849569285202427,0.9010112750864511,0.8943353316685567,0.873252662720668,0.8492604841122124,0.825330374018712,0.8055169130225415,0.790122306880442,0.780802664524913
142,0.6715150637692248,0.8896117725085718,0.9308748403870414,0.9490951283070681,0.9421584512004801,0.9301401117929469,0.9153181726410609,0.901507970736126,0.8918842335194723,0.885494327711738,0.8807731654043514
143,0.43848528090011,0.7920276457696243,0.8687195697873149,0.8758591729821454,0.8505281526151476,0.8199697221042941,0.7927168418509946,0.760941383569231,0.7304835954573131,0.7065833446976956,0.6898344348410949
144,0.3050512075381459,0.3786616899499822,0.4264297730737776,0.6282909521665078,0.697276922160115,0.7075251974303887,0.7058972562509941,0.7053334962378304,0.7068167696881842,0.7101998928668892,0.7148759252148966
145,0.2394539377475626,0.31945423945713647,0.3174516558918022,0.3659002668915661,0.3874831254355914,0.4148958370909828,0.4508799848139239,0.4871515881876746,0.5193455812120326,0.5497439624504065,0.5775286004170197
146,0.8048883454142137,0.9571741953896008,0.953791395411649,0.925313509538659,0.9028024938689738,0.894049034736844,0.8918801933449723,0.8940847778421928,0.8979005445481635,0.9022880092333079,0.9055772717446209
147,0.5821641180928582,0.7868791381850927,0.8128242453892781,0.7777194757382657,0.7467109855010591,0.7092154765659279,0.6912349953214182,0.6854076002749704,0.6850053160766569,0.6853219715289793,0.6860867330176268
148,0.4145295153636389,0.7133505499618154,0.7834867926834563,0.860803934239233,0.8649634787453284,0.8535660506837534,0.8426595021115963,0.8350131643599376,0.8313269531625537,0.8312933809552592,0.8316622109154174
149,0.5552364000649083,0.6248643521798863,0.6571955338553693,0.7335325730552074,0.7199717592021746,0.6998077136476558,0.6948486548109728,0.7006097142246919,0.7068907379607283,0.7136089747521607,0.719716011927273
150,0.5624126667796339,0.7407206593065777,0.7869569339883841,0.8376536575286901,0.8705554569392108,0.8775773294339009,0.8744096248276432,0.8711067853887965,0.8687864569898244,0.868691284030611,0.8705108719761755
151,0.36696104350004377,0.5372476731093114,0.5722045206279791,0.6562962870876273,0.7059979690846404,0.7183717781920939,0.7096341870763271,0.6943692924606919,0.6794065331630725,0.6644966032079426,0.6504083514601549
152,0.395062611648139,0.6629740451381925,0.7100520308983322,0.767363151687864,0.793828842243077,0.8164232513763129,0.8306500569491473,0.8392750619049678,0.8422292214371744,0.8425108799715403,0.8421378739639106
153,0.34616602126996027,0.5522816699054046,0.564542015613026,0.5376322573144285,0.5896422424748944,0.6419867614474287,0.6808060233086791,0.7135849031253431,0.7398873612971646,0.7597485682693879,0.7714456516139231
154,0.5484429679310813,0.859283352842355,0.9112696347869085,0.9501109124968159,0.9615379243898576,0.9663859359194077,0.9694187844518506,0.9728673471033533,0.9741178521373496,0.9749299573965384,0.975504844396804
155,0.36566678293421784,0.63889118763048,0.7337194372855275,0.775623054275493,0.7692410196484861,0.750939069080414,0.7375521202881238,0.73170251097736,0.7300174511262721,0.7310320793179559,0.7317696208295769
156,0.4883577225698959,0.6754137120179939,0.6912453620787744,0.7037525419215779,0.6975642682242786,0.6823269702485305,0.6506217188469371,0.6237582212887147,0.6050948776228429,0.5890130138691587,0.5712913500560977
157,0.36193373448676547,0.5570744538247203,0.5992005845112981,0.7189819436492307,0.7680499716026717,0.7786094085230977,0.7700603438879127,0.7569193480380351,0.7419918808592121,0.7263101841999782,0.7108392573109986
158,0.27325903265582063,0.37515902071569296,0.4854209646770494,0.77092585305933,0.8305068451959274,0.8286647199410518,0.8169673808494229,0.8066177175637944,0.7950284509312825,0.7821948283137645,0.7682586790755054
159,0.602213343299923,0.8318804056738345,0.862915975167872,0.8857403396718341,0.8724248330735195,0.854446506809498,0.8307578082963231,0.8035884198961611,0.780156836894231,0.7622858329064942,0.7473215659560853
160,0.771997323519572,0.9064007591376131,0.9293729033783973,0.9315740784255585,0.9132825191519856,0.8952277774942359,0.8765084453531163,0.8582430516354554,0.841020241539638,0.826232986244815,0.8132937718522458
161,0.7088541430238232,0.8457544234570054,0.8732482840143369,0.8415611239316975,0.8162957283845823,0.8037036500434538,0.7926028151073855,0.7803905299700105,0.772083062225661,0.7699485896009959,0.7692235397600531
162,0.23462186738770552,0.500994977063208,0.5594278368520982,0.6095248667788294,0.6368507644109119,0.6589491282880248,0.68082788575503,0.7005072634240246,0.716045298177571,0.7297955950936527,0.7398932364676221
163,0.24922656960873524,0.45313489498765097,0.5135292026291012,0.5987547519388634,0.6583345872160145,0.7020526533621542,0.7292255893893067,0.7440316518459242,0.7460098158977123,0.7412872544256072,0.7341143021564167
164,0.4501497605730815,0.5836839505349093,0.6118366794059459,0.685672267206838,0.7597210147026315,0.8075893994811488,0.8330508491328671,0.8472979321788899,0.8600244732417579,0.8702489715456143,0.8775558461184925
165,0.6508287815419462,0.8554239131565339,0.8240707548552784,0.7162676767545808,0.6444078353601413,0.6066203980742239,0.5771238393059309,0.5575432461172187,0.5451615602831343,0.5372515166604361,0.5309065253523134
166,0.621893170787291,0.8404454656972107,0.8769700990371213,0.9061021543924649,0.8948384917132114,0.8818951852806644,0.8671388388983712,0.8518051027935905,0.8385064541956463,0.8284377471743474,0.8230192544341378
167,0.4945710150701459,0.5840427224064579,0.5882184416709141,0.6848079280370559,0.7290075223236996,0.7482360884333881,0.7463809785573998,0.727705665999999,0.7116350106487752,0.7022307883164888,0.6980122701048891
168,0.37064811121120417,0.7226425238269747,0.7639720273370492,0.8016228292609158,0.8042277104191062,0.8168375476374846,0.8251869765072641,0.8275527408722937,0.8177867676850606,0.8090930282486686,0.8032633873300807
169,0.41614435150481804,0.5865759056683113,0.5846300701968038,0.6287758801454837,0.6756810412273628,0.6883763321820926,0.6868880228343078,0.6816151611069473,0.6769763892281605,0.6814536889422147,0.6863003495877678
170,0.09029304029304032,0.31989787622339894,0.4188421553504833,0.5336893544808909,0.5906420505009136,0.6291489161637874,0.6676570122825294,0.6930366111754735,0.716095300953459,0.7349027652023751,0.7503495833517393
171,0.24874132784456815,0.3201575673306002,0.3729947810066858,0.5176874215044993,0.5692306106771194,0.6336896322275976,0.6982398832752154,0.7402223361550957,0.7682591574171179,0.7887381551174618,0.8021755889093336
172,0.37017337462345534,0.5428240867343712,0.5858109194652232,0.6895008423663306,0.7472426005269956,0.7908364075182516,0.8198591988985479,0.83657682934303,0.8459060582280159,0.8523681052287013,0.8571341948562768
173,0.5581897274270509,0.6565823542597996,0.6787282360839891,0.7428056509307369,0.8002024142552355,0.8168985045094915,0.8124239436167797,0.8078897487519979,0.8120167743232732,0.8215057893482276,0.8308264114737707
174,0.49977199164514785,0.6099506327620637,0.6169056025807116,0.69786581040768,0.709261419474513,0.710144699640731,0.7109092842461073,0.7081890240278719,0.7061420371707037,0.7042510216385574,0.7024530109494211
175,0.35602120430068407,0.49225568505456113,0.554487758279032,0.6361460902175675,0.6871173309910696,0.7209169129275935,0.7468684321959157,0.7667048663091678,0.7814201602715564,0.7956662858242839,0.8094239589864889
176,0.4968901529651904,0.7479683298557364,0.8018887387898607,0.8015309315071748,0.810472272329415,0.8102097850947685,0.7973447893793586,0.7807901529409927,0.7627238879579123,0.7490934606765095,0.7379171033028697
177,0.5107153787551917,0.6431771932874761,0.6672607840517227,0.7805705306928672,0.7984259346001701,0.8157644469029048,0.8310896594648807,0.8401632131929864,0.8460327523622939,0.8501473693926965,0.8532201046524789
178,0.28226763772009755,0.37135440531009856,0.40157723343202195,0.44046489659489874,0.500438099331358,0.5460377343258843,0.575524238200749,0.5995798031369467,0.6314929249265003,0.670176587012681,0.7081709410884461
179,0.6100179097435371,0.8762996220764484,0.9093670137990908,0.9179957844152954,0.8992908571055697,0.8803917973741721,0.8623477198180207,0.8503419377364826,0.8456278717737978,0.8441318274902856,0.8436249544775377
180,0.44278587405288405,0.5803076060873035,0.6407112101770387,0.8066887439895947,0.873348617681207,0.9066935296957707,0.9232121747804043,0.9327979321340046,0.9390798420520172,0.9435208493879965,0.9468302412293542
181,0.16024225859985058,0.4896394401580941,0.5750250472539666,0.6561006641807168,0.7052401507277133,0.7472668855287132,0.7761892025161499,0.7962955953380431,0.811770100099992,0.8228446673986356,0.8295282005908942
182,0.4610169231094573,0.597516287437913,0.646486693462226,0.7005335478139633,0.7697726846715335,0.8075623717591535,0.837206416267522,0.862195568602344,0.876303363562182,0.8861395156357892,0.8952843240590167
183,0.4999937451593813,0.6102106427204291,0.61158439177655,0.5735656308991145,0.6394965554640333,0.7044625246866292,0.7518544692429686,0.7876672238499468,0.8171193103337487,0.8434083272138979,0.8683796715427246
184,0.5769759974996869,0.7867595531373014,0.7967235877253517,0.7992541250228652,0.8543955636199245,0.8878285053801379,0.9045029797846924,0.9158370535113589,0.9248187980421285,0.9315103803165502,0.9361708681960803
185,0.582297791708992,0.628641863349686,0.6875087056708971,0.7977478409877347,0.7858194358206443,0.7494131216956851,0.7038345535046324,0.6535794084062992,0.6117646225214917,0.5806014717324733,0.5606390933855752
186,0.534035224284055,0.7404711984385391,0.7472201907637539,0.754964829915788,0.7830782381507042,0.7839547979820733,0.7668198249378977,0.7513395051836894,0.7439753348986737,0.7441297442269725,0.7502976541155727
187,0.46650267981214655,0.6479275732971536,0.7288353039876401,0.765435868533926,0.7146379891116215,0.6763108558800427,0.6657854217252895,0.6698470962162003,0.673894696707913,0.6770165990551396,0.6794673662903834
188,0.45089962266263545,0.7268609485515674,0.7843286843440153,0.8600452270174367,0.8757206824564367,0.8845809628600492,0.8831144842669237,0.875761386009421,0.8675773779286353,0.8611370826125209,0.8568226378093883
189,0.5163972897606747,0.8391280761800354,0.8962515914855422,0.8963266927178036,0.8841201254969764,0.8668694047843896,0.8494958978887043,0.8339736448214482,0.8187437697270049,0.8048992281354417,0.7952138278060208
190,0.5622498398944366,0.8433486896009766,0.8900870404192938,0.9213301583150162,0.9230062758891385,0.9184943335215486,0.9110364202952415,0.9030258399912338,0.8956043650116573,0.8890383159070095,0.8834100178903129
191,0.1601307489645517,0.31130928881186776,0.36375750784458233,0.4382702403203893,0.5003820424999335,0.5301522725846017,0.5562673170940837,0.569094894167578,0.5691898100266933,0.5689496785519007,0.5688844439039833
192,0.5852939888435816,0.8648522245800166,0.9008866610706081,0.9445115588167056,0.9543863680068511,0.9582932898887562,0.958821623651827,0.9529383431682051,0.9428398007544395,0.9328676824866337,0.9246280265288158
193,0.5067366700268134,0.6241992430619276,0.6329422914443191,0.7502338599076601,0.7992999430327674,0.8382829526737673,0.8593511305814988,0.8643384620065081,0.8613483986779181,0.8525744028308634,0.8381690110475463
194,0.5547954393024815,0.6211637780961554,0.6524127084497245,0.7315071928458983,0.7322152583436781,0.7085358126655013,0.681675682416472,0.6608856486199428,0.6420630842827791,0.6259668338838701,0.6116277270129131
195,0.22579326262831928,0.4847935583298834,0.521366012398097,0.5742439981661167,0.6226037259305512,0.6513865572665878,0.6680072779331295,0.6814366575156298,0.6995252195441064,0.7152186490285575,0.7291302551413992
196,0.3385391849401062,0.7104706269628649,0.7650040959395795,0.8157371295015666,0.8469388679525685,0.8450941031622446,0.8359294069728758,0.822939207596503,0.8129353486493243,0.808692690631877,0.8078889884349696
197,0.6293645161301064,0.8562894204645108,0.8675274639498328,0.8761465936743387,0.8522643656948006,0.8398943550949427,0.8346304120365591,0.8323021177119481,0.8310798621596865,0.8303484976314321,0.8298694168910584
198,0.4803673743322989,0.8537061203896413,0.8986020715786976,0.9354404139672381,0.9333420529379264,0.9319998835313154,0.9323312160476048,0.9318671377779908,0.9298973072615669,0.9271004784492864,0.9246132447271508
199,0.5256301507943534,0.8656263394109608,0.9093359230397927,0.9165647521866148,0.9058930656035181,0.8958074499568915,0.8882339896185472,0.8858353822043125,0.8871636455657105,0.8904167065354994,0.8933023397312618
200,0.3859342690505034,0.677337422882196,0.7525876351556882,0.7790436685455696,0.7627973659767942,0.7431908499479061,0.7213676894788105,0.7060781732641118,0.7007331427516996,0.7017708589000022,0.7059516451981735
201,0.6222242498309769,0.8747857801473076,0.9124992529815994,0.9167321459017809,0.9034738379680294,0.8855425356334451,0.869236826347262,0.8544014230611051,0.8430273611102246,0.8354086317615087,0.8321707263027828
202,0.4094712485220209,0.7279251670506154,0.7838786027654219,0.833497402703994,0.8299288786558336,0.8199716936253536,0.811349192872487,0.802470092309609,0.7947335040790089,0.7894109482302415,0.7861288936792143
203,0.6261633702348017,0.8788932745683308,0.9206865732617312,0.902425572891169,0.8583382319828067,0.8151270618748507,0.7763852937599255,0.7443895384921807,0.7172838125899215,0.6891603301744096,0.6668494422586182
204,0.667679133313632,0.9002493648420314,0.9209504306814482,0.9228260736862015,0.9102537322991863,0.8907807011688682,0.8665916321040972,0.8502173549750663,0.8387905442789357,0.831500899036457,0.8289303455377952
205,0.43772824149792766,0.5852082283548462,0.618840458296243,0.7175704903723983,0.7588102478860943,0.7694005748045855,0.7683173593655509,0.7598905412300382,0.7513812447683438,0.7437321091774913,0.7372808297157307
206,0.3175154801773254,0.3666407434095238,0.37668964609038985,0.4217815078519009,0.44397758413133814,0.468283404457443,0.4887583010749842,0.5103210929484076,0.5200312519074667,0.5219380858581139,0.5188105464851416
207,0.7671380745898391,0.9359087937454516,0.9601452624021205,0.9155265106501669,0.8664045090002068,0.8331326865171658,0.8122766058258712,0.7951695294500898,0.7811324970970209,0.7722068968340201,0.7676989664172568
208,0.3386658696916075,0.5492848130261734,0.586290446131874,0.6164628919772062,0.6938325308199678,0.7710045606543658,0.8164713961046578,0.8383394259309279,0.8486636123895156,0.8553114737550913,0.8607077600238998
209,0.28462519051467483,0.5410848445344776,0.5925158359348822,0.624991280795655,0.6747277593263385,0.7025071594509111,0.7191892319908293,0.7309621144606113,0.7415894496614347,0.7482149676660876,0.7513450178652243
210,0.4486842502160045,0.5994334826842618,0.6147176656356348,0.677216614991913,0.7374033315007519,0.7674113331142463,0.7886690563491128,0.8041444261600832,0.8131274384085893,0.8201901285924654,0.8271322338921708
211,0.5738992364717344,0.8407713796214383,0.8711239105612029,0.8765161792755468,0.8685794423491839,0.864328042884132,0.8498219506252237,0.8292481995396086,0.8013323261929373,0.7765990023317912,0.757325719820394
212,0.6018170998428701,0.8518150772305704,0.883542772451656,0.8822479317789353,0.8554678900243947,0.8401136390806335,0.8280970035380981,0.8164087205665622,0.8054373395341735,0.7984819889144918,0.7973656784321048
213,0.6312449002158954,0.9168974338123078,0.9317222009474065,0.9384952335889338,0.9392201798530535,0.9373663116899661,0.9362590075233392,0.9385862837185481,0.940229761605702,0.9413438928942196,0.9421430932496238
214,0.5634824142422926,0.6928693061050607,0.7706724245996942,0.7996231126581341,0.8027920200789083,0.7811023409863991,0.7500023053864887,0.728118929395616,0.7156830319872884,0.7105083811175836,0.7110662024349739
215,0.7205843232128819,0.8541641034527011,0.8715680476334068,0.8390658391987704,0.7901395896486245,0.7448107219012923,0.7044013387737228,0.6730661195723647,0.6483081711074964,0.6251758338185798,0.6029551281742684
216,0.4411773461242538,0.7568043835927145,0.8074779674305348,0.8330929325723435,0.828990614387991,0.8228546152394641,0.8134648604161708,0.8042709414223602,0.796227086999868,0.7899358374060362,0.7860345939298626
217,0.6535095200853507,0.8560888798281994,0.8777217576704075,0.8442292500558493,0.8213301178691926,0.7875871293315237,0.7688834477475385,0.7603827868519435,0.7589167276685185,0.7583332940875276,0.7580481233680701
218,0.21162102338184596,0.5083281906461583,0.5702924698250396,0.6437790150855787,0.6864423386448277,0.7171394253045041,0.7250352404990709,0.729500329664652,0.7290110590391147,0.7245684961650166,0.7181318829290179
219,0.3792780146729168,0.5531345782899155,0.5615537098717849,0.6254950772690221,0.6646221464738709,0.6761293016732324,0.6744537875611993,0.6716945913635927,0.6720944088292236,0.6763666921774601,0.6845065137273534
220,0.5638261749679321,0.8508649436067439,0.9008735922954016,0.8880503604912854,0.8569550458989511,0.8306799698583391,0.8144680506031297,0.8069507049727784,0.8018769138325639,0.797230335081639,0.7947913656791971
221,0.4115433218031646,0.6022681391658496,0.6158098176260783,0.6390713218966593,0.714041681198932,0.7546779694712062,0.7746349582239784,0.7866025635139685,0.7940064173044138,0.799863214770661,0.8050820315943995
222,0.7643013719228412,0.9518869329890205,0.9618364166802599,0.9737072705267121,0.9790813848560439,0.9819399664052527,0.9837614323922996,0.9848346298691786,0.9855461620225814,0.986054952485585,0.9864386195721379
223,0.5366864094749765,0.6275685212477987,0.6381835547415129,0.7467604201546819,0.8053251742262817,0.8335271348164518,0.8410186824245341,0.8393134298286491,0.8348721034104482,0.8327286688380047,0.8331483365947651
224,0.45897198989147064,0.6436775279227064,0.6905706798356521,0.7900895214559449,0.801877116195237,0.795566717054659,0.7941740118060668,0.7944846469777046,0.7966292147617443,0.7986761872866063,0.8001843072760052
225,0.43004490282609015,0.7791766999705984,0.825348663022209,0.8491184360073667,0.8557160410769036,0.8551924287047911,0.8476160838833663,0.8375057004396527,0.8268491697049007,0.8173588408674551,0.809972139238246
226,0.5623534068444582,0.8740499405671769,0.9076318843174118,0.8767261203603004,0.8478324691619993,0.8249841249169442,0.811540282133937,0.804505387796351,0.8006278891249484,0.7994378205392002,0.8012565728111052
227,0.028028186818225758,0.36874069467645215,0.41660611105477985,0.4375960047649363,0.4509134858653701,0.43872645192256293,0.4223765047820263,0.4118856689104815,0.40293677509514825,0.39904765167068734,0.3989541680983716
228,0.6646497904703326,0.8572583886111643,0.865112401055189,0.8015183367775044,0.7446212217968988,0.7301694903476215,0.7344592744657273,0.7448518821475134,0.7568387163714481,0.7697364353097848,0.7840159006269656
229,0.5866696968579073,0.8230386889512612,0.8776027002450376,0.9130239542639144,0.9156828744229302,0.8975851648642852,0.8602642727653526,0.8277453758697,0.8043010911002867,0.7883749225209562,0.7785227448957356
230,0.7177677658868103,0.9183942894241478,0.9319429277676421,0.8525195994857954,0.7664000656162284,0.7210738594399639,0.7105548347193518,0.7151453874502335,0.7193614549111556,0.7192859951785816,0.7191628849187471
231,0.4971439622809149,0.7464513964627046,0.8409109027570337,0.8918725722935968,0.9225685635770655,0.9502272515941003,0.9587846937190422,0.9541118672237909,0.9409560232620955,0.9252291281827636,0.9082089128282579
232,0.470988712963678,0.588533322432177,0.6005893103592632,0.6520041940477754,0.6849093072635027,0.6812892813710308,0.6676065997944373,0.6570775254552199,0.6515278455675165,0.6510446731226358,0.6502500818690525
233,0.12369420702754039,0.32580810666871457,0.4302479847513774,0.5970797405958036,0.6659053269360656,0.7007599805842746,0.7257897173169843,0.7465490210223898,0.7546313088052256,0.7582819760848512,0.7590356132869834
234,0.6621836727116291,0.8799607338557012,0.9085922722377615,0.9230786014159057,0.9119472306106317,0.9097172222506178,0.9118211002751719,0.9208714949888028,0.9332501403250465,0.9472015248776253,0.956343322963773
235,0.5418207208355637,0.6784265749577746,0.7251369281773848,0.76144438526296,0.7695357702074778,0.7761426347284524,0.7697082883402736,0.7582337475967726,0.750104097473646,0.7464114521989947,0.745142546947695
236,0.36357775158936095,0.5795076942500038,0.5817452799964046,0.6060698038330775,0.6798552797689783,0.7229772913639844,0.7548398323430968,0.7780918866432155,0.7937453746890749,0.8050737754191638,0.8145530504464791
237,0.6151225135162725,0.7121971248829585,0.7097333168268836,0.7042584366495307,0.711913584861981,0.7181837314668379,0.7217129967672699,0.7223516565014791,0.7198106784262057,0.7155068786972445,0.7111574826253055
238,0.5118808012986502,0.8081790441110092,0.8165369241797245,0.8140156437872741,0.7885448669150183,0.7761992831829407,0.7712563840581577,0.770503762626353,0.7704666405673674,0.7704666405673674,0.7704666405673674
239,0.7272702548103817,0.9064099242538795,0.9366409244759111,0.9283475675386047,0.9181307358476581,0.9088012993955961,0.899599313885438,0.8917333085155544,0.8851208675548233,0.8796847717255697,0.8729502028202282
240,0.48498678219761027,0.6660250508336067,0.7367035099641709,0.8097941438328444,0.7496043835181292,0.6780000588906668,0.6356259098698536,0.6144090644185942,0.6022183734851149,0.5939768113073318,0.5880586481390156
241,0.30841755346401883,0.49177214107265305,0.5299429755036148,0.5835646991785095,0.6233648495460025,0.6646814811531347,0.6968072370811992,0.7242121134197455,0.7450420769148448,0.7604842436469986,0.7736506783326378
242,0.5341505151662327,0.7774495696075615,0.844249874821445,0.892920693397295,0.8790595697757593,0.8638812957052253,0.8517205527238388,0.8409958152673337,0.8294118212056669,0.8170837258523483,0.8045103026055618
243,0.8826774623907092,0.975424050142557,0.9715074039348771,0.9484232709845016,0.9197322638357134,0.8912618392343543,0.8805636030579629,0.8793102713393324,0.8831248820852398,0.8862713641150428,0.8886149706343957
244,0.7506087652333907,0.9211642486341642,0.9464955356527556,0.9571568048438721,0.9679384789395394,0.973313651706516,0.9759666880950647,0.9781118801816473,0.9799052691802822,0.9813653749122112,0.9823838749936998
245,0.6077254007023435,0.822340377285967,0.8683273970373726,0.9296791934297286,0.9391337084816241,0.9382860720154335,0.9303255746996477,0.921567778685534,0.9161527652080953,0.9130873970869183,0.9118739307197196
246,0.4699310240412276,0.5947579231442583,0.6335503022631487,0.7577906989334023,0.7915803305235132,0.7915917200662332,0.7897371067202753,0.7933997854149669,0.8011808803701903,0.8073215841050155,0.8121268503694186
247,0.5749964126682701,0.9019189936173183,0.9174486232091479,0.9390830909203338,0.9482586122808171,0.9549292174847464,0.9584195442515541,0.9605876724136551,0.9620686593552629,0.9631497629662586,0.9639757173803932
248,0.6045019856528865,0.8395947651664795,0.8737318406988412,0.8819764436309925,0.8666747481689548,0.8663590496675769,0.8665141928111871,0.8662402305747365,0.8697590939106797,0.8747839358780203,0.8790381553395525
249,0.6754380254789256,0.895122144338984,0.9245511783650684,0.9406521483033328,0.9242842951514646,0.9059476749569326,0.888668325758641,0.8786143039284977,0.8736776094217905,0.8723129610318039,0.8733870074526736
250,0.5252320919547606,0.7205377495635633,0.7833578167618684,0.7737528762828806,0.7654955682032969,0.7602560301527707,0.7599124667588968,0.756681273011781,0.7443220968098021,0.7301332806235176,0.7185866897796837
251,0.32351072621953264,0.5696680862480996,0.6647740598096052,0.746646766897478,0.7908834294276869,0.8257426269788503,0.8499462064797328,0.8714492135084954,0.8768988299082879,0.8759248174395002,0.8727701904086045
252,0.43401549534628064,0.6406816280597853,0.6748108902522221,0.7285577225559783,0.8037207517627877,0.836059596612441,0.8398341284668087,0.8333148006074653,0.8278666893251467,0.8234378596148224,0.821232351192941
253,0.2702007161841784,0.41514989006929837,0.4495680315628717,0.47115166646727275,0.5031455482025848,0.534249192105735,0.558446844998333,0.5778939155286782,0.5918198480757434,0.6044040398493584,0.615044479029808
254,0.5682051860337592,0.6224437816669574,0.6490007029428354,0.7832445964647555,0.8665545777064779,0.8967081060024551,0.9002855399193538,0.8919245536811635,0.8780563835583359,0.8620032083939999,0.8450982770461924
255,0.5222674181753254,0.7133733138390722,0.7697269493784031,0.7941459370402043,0.7721552519509658,0.7659918397225239,0.7711384001244682,0.7780253989600231,0.7829633736584958,0.7863506604257183,0.7888141949652945
256,0.5228096150881602,0.618586977587486,0.6262370319704035,0.706543507632392,0.772593607695005,0.78477311549114,0.7792436563806497,0.7680036075995632,0.7576603744843883,0.7509944027364328,0.7474074250587787
257,0.32361144369947037,0.43487725454649206,0.5630485955976304,0.7211835677999571,0.74318129848014,0.7494483154668212,0.7558950308412474,0.7631978791976275,0.771103760177463,0.7770887866677931,0.7813274194595706
258,0.6196870848345147,0.8469059383081624,0.8817658532741234,0.8935371064502136,0.9082083357962758,0.9187744837413089,0.9247798082141777,0.9268873788944498,0.9274421571077536,0.927073395581661,0.9261797878172624
259,0.2816472771469582,0.3913172503681831,0.4587115696412481,0.5604051422592686,0.593543540666105,0.626553236368882,0.68680205061507,0.7355097155684497,0.768912615322517,0.7962345983472122,0.8229611176386485
260,0.3831941211665973,0.6614232008526458,0.7317108097282521,0.7726901854362236,0.8007482281640098,0.8153021424117309,0.8409884631595148,0.8597355934611544,0.8682162275294973,0.8716609725642958,0.8724848917513142
261,0.6426961059001423,0.9005890684544683,0.9381801927284169,0.9487583525119554,0.9452032464629745,0.9376988384795417,0.9293338254910521,0.9207871372133498,0.9124656324545579,0.9085927162504114,0.9205762940216389
262,0.6679161165528257,0.8750136210340953,0.8959819691844899,0.9140026953307402,0.913442998447202,0.9106177523593552,0.900741596120167,0.8884613236803243,0.8765256161561367,0.867847545142558,0.8622234631716239
263,0.7104358424665475,0.8249679604581573,0.8488036738063167,0.8696912247827507,0.8705286255263737,0.8504655061593815,0.8253528593414201,0.8042783768132833,0.7910227404298695,0.7834371663234663,0.7783745589809188
264,0.1613918611671506,0.32152241676635407,0.3814977132194396,0.522013211019559,0.6630395476194476,0.7429475572557983,0.787318544711329,0.7904948560977895,0.7787628766811244,0.7609664252447839,0.7428788162887479
265,0.7585313336450347,0.8829090482139117,0.9054297484155728,0.9049977435443207,0.9099669303865421,0.9224522016898546,0.9336873113560545,0.9416092566824736,0.9474131463635188,0.9519072108480384,0.9551927707089757
266,0.1929482902971779,0.5241715928685488,0.6019551829705416,0.6470763611479182,0.6319545395706372,0.6452103654248676,0.6578703091414823,0.6603138986722156,0.6579087091308529,0.6550660630636882,0.6539830934038083
267,0.2895451586442044,0.41162730275873644,0.4332076662358551,0.4332403749281097,0.45558083454435666,0.47757671228527504,0.5026226650051564,0.5348199897326856,0.5657731674554493,0.593295068647866,0.6193578860395956
268,0.3496213739144049,0.4305677983430708,0.5652466984635102,0.7953591156456783,0.8431967965870563,0.8617025174815389,0.8754222512332832,0.8830210545674,0.887516936178558,0.890571376903545,0.8928034731732271
269,0.21900478225685813,0.47931633841157667,0.5456208926325217,0.6374776334031865,0.665743822689428,0.682925954848404,0.6967241967287818,0.7112409449503613,0.7299956806877753,0.7466752370763992,0.7628548651990249
270,0.5098795662596431,0.687999574342097,0.7364974570245619,0.7959407782921079,0.8471312541464966,0.8797421614214814,0.9014737598992563,0.911468112621341,0.9164560605582843,0.9193126216062956,0.9194615630937046
271,0.515001537299944,0.6761045275284818,0.721353978956807,0.7666213453034182,0.8163879673547285,0.8357346497299415,0.8412201251360709,0.8418559062018505,0.8436708198158037,0.8416016799768171,0.8391276719307528
272,0.7246213704159467,0.9409778012360143,0.9313037278521561,0.8527768941823521,0.7968820898069258,0.7649533454709089,0.7509088239004447,0.7459389139255305,0.7452516067213147,0.7449765063816918,0.7447949800880572
273,0.796891613944601,0.9499195465759632,0.9161558429702845,0.8083210432386957,0.7285934064883811,0.6754741947215303,0.6359069152268856,0.6163390358539164,0.6074973573303205,0.6060926713462716,0.6077548699347689
274,0.4767912447766072,0.8174463283128603,0.8574715484024494,0.816650244803305,0.76848859384075,0.7359262087919869,0.7189056193361179,0.7030740134288036,0.6860615567548543,0.6679326306608349,0.6511572532314293
275,0.4995176686214166,0.7980955522749514,0.8467271372018852,0.8889462490552844,0.9143778705761705,0.9260262077901461,0.9327916498863852,0.9377474168388422,0.9412995116263023,0.9443444532177908,0.9464895422303998
276,0.4149693504295985,0.5442952174842545,0.6293432151030539,0.7839389602873307,0.8519512307414312,0.878175837999212,0.8890084440470908,0.892972492551759,0.8941639407588575,0.8951955806675255,0.8961140135220033
277,0.4173182584185584,0.582356146345533,0.5940240771107588,0.6979973606337703,0.7783712341622173,0.8009008566097484,0.8047080416240852,0.8052449111668897,0.8057369798075278,0.8033371161867124,0.8001492929739721
278,0.4125091717009918,0.7296699434835539,0.7809017238516099,0.8409391724903929,0.8466421573112712,0.8500913920229884,0.8441705141510979,0.8385613420696072,0.8307906010044996,0.8247965456209571,0.8206019341682084
279,0.11650681426614284,0.2872003503008117,0.377242651373867,0.485202750185447,0.5416574487744126,0.5790760215037708,0.6029639426246566,0.6193386998601565,0.6284762777404096,0.6335444234032264,0.6357077473916599
280,0.4130662316918188,0.6131230012300398,0.6447136415520794,0.7308781341563451,0.7289250534975014,0.7052475217836276,0.6754549369113771,0.6538956201366664,0.6410278518185378,0.633484014976178,0.629382559393299
281,0.19827403864120477,0.3877001429574999,0.4912190319493881,0.6103930347988238,0.647910255405899,0.6625032139124378,0.6775521307215614,0.6947337947065411,0.7106907417062769,0.7234982663223596,0.7362752673366467
282,0.508872870249017,0.659684009182639,0.6471521971781898,0.7043345980230757,0.7305732159342607,0.7337050579837329,0.7357391292947656,0.7424454657659226,0.7485355362563274,0.7529123810310806,0.7561357496911812
283,0.593753175947105,0.8679104160433155,0.9114509367536587,0.9134331041893183,0.9038806879872774,0.8919710571220517,0.8825776345644827,0.8761728112951618,0.8719037379244462,0.8687153367058967,0.8667571705254123
284,0.6432987571439543,0.8108996440914152,0.8523221158117402,0.903139318436971,0.9393283234648888,0.9524558295652228,0.9588088174297491,0.9619115571537865,0.9639651777897128,0.9653373724103422,0.9663203316577627
285,0.27055562329936766,0.4094409402086559,0.379812663119135,0.3992894602014118,0.43825254405245784,0.4794859496072762,0.5206650692573919,0.5616054610256587,0.6015729103182111,0.6397622125189522,0.676299537077045
286,0.0,0.23508891636560172,0.3189137749793484,0.3977948492503096,0.47568844795923204,0.5217699215213694,0.5818783301116426,0.660434259143225,0.7229927996618767,0.7650651744646247,0.7917794944187635
287,0.5384265863536802,0.7628530901102271,0.813518037334746,0.882710706254585,0.8993874243210804,0.9021278547985854,0.9042713941590693,0.9072005184393978,0.911201970137621,0.914965337658457,0.9190906587045486
288,0.4988170884059613,0.7637743229130307,0.8238320781435947,0.8431704582037819,0.8161395741814239,0.770095967941631,0.7403360223187343,0.7254620606809669,0.7233819350718316,0.7260381076092214,0.7286743138566623
289,0.8142023283172927,0.9357192918098663,0.9347896695133566,0.9150874585767164,0.9000769137876444,0.8870128098992691,0.8751020921572517,0.8663974344148987,0.8526558995847193,0.837935904045193,0.8246853479261481
290,0.5358256790177284,0.6841199455720588,0.6841177355702748,0.7327491758847955,0.7255030957319135,0.7039802261051474,0.6854676113015353,0.6703195344459311,0.6497112864182626,0.6292225402180359,0.6138444170783683
291,0.37794357626359104,0.5184992772341415,0.5567086124765162,0.5380632618779677,0.5768198065151492,0.6186109294430283,0.6360766066572628,0.6441319914028176,0.6491628156095106,0.6529149204854523,0.6559113933259199
292,0.8177743357041605,0.9156885485143748,0.9274352057262746,0.8996765149755878,0.8725983188193542,0.8437019433165606,0.8183181287396827,0.7964216052031818,0.777858756169927,0.7623144650303603,0.7497927672913802
293,0.4102210443741282,0.611194248296103,0.6416923190749769,0.6530788479765524,0.6973024606311763,0.7156059792894961,0.7130035022671749,0.7011063954771221,0.6869548246621981,0.6702683152737954,0.6551212139693136
294,0.45060714169330174,0.6183193215992858,0.6437768246368977,0.6612876160899406,0.670951046775736,0.6955996700151682,0.728275396436561,0.7463984906525464,0.7539783563554877,0.7590587597807492,0.7628942488442063
295,0.44707352858505944,0.5906032693900201,0.6026706198229541,0.6916211102565675,0.7158907528727824,0.7054329212243347,0.6950213526162683,0.6907239942878097,0.6907482669395869,0.6928642981484389,0.6965086647114322
296,0.445782528361028,0.7378893066451003,0.7826477152657803,0.8133605054968231,0.8223842903859961,0.8293046691421954,0.8313284078855838,0.8323198283267582,0.8367646693653664,0.8427870732218811,0.8468239808808241
297,0.4432870208815902,0.6427969699308296,0.7748012445729414,0.8945851098263427,0.9155437963579051,0.920053093286913,0.919371095237785,0.9163806169528231,0.9121487832662296,0.9072811326555313,0.901944302919273
298,0.48712342079689014,0.5913068219396901,0.5974168661639734,0.7266007453081345,0.8227760364058494,0.8761742552813797,0.9033482387212791,0.9194261954770909,0.9305589095581449,0.9382469713513297,0.9436150585527704
299,0.5830207759924966,0.7707724406388563,0.8103459938933727,0.7577636445652638,0.688597181630589,0.6247294561982434,0.5851077478060156,0.5624031366079855,0.5513398276053983,0.5405126809941275,0.5266485443927726
300,0.8940825314941916,0.9688310231732439,0.9567294311057503,0.9269852939048538,0.9076239687774535,0.8843408920186937,0.8732587768463727,0.8683967832125299,0.8671478047041582,0.8683064406290906,0.8696538890674022
301,0.2800738348462008,0.4239366359512279,0.4897116884410352,0.5584915872360503,0.5905230403464167,0.6286331480988979,0.6583891868197677,0.6818299711818147,0.7023415861197532,0.7197791741019268,0.7375290055124046
302,0.6829849916948558,0.830638396890371,0.8246651683786328,0.8249188259864252,0.8269429128952401,0.8167131609151048,0.8054065994510086,0.7935601082008172,0.7823679804905904,0.7715065071835264,0.7599203143219946
303,0.6978300180831826,0.8444618289858237,0.8689646505096441,0.8734013059996248,0.8516905854570417,0.8294191189853672,0.8198612445898412,0.8157682375331733,0.8109404518853767,0.8044980623508284,0.7966916999025466
304,0.2566268515973247,0.6197188486879939,0.7435701184841828,0.8183662616879005,0.8377618181364511,0.8329863725533471,0.8286899956456695,0.8269926609841378,0.8262151383346249,0.8256928929826501,0.8253400686820116
305,0.6158584534731323,0.8010167167439258,0.8442697097898416,0.852394906717795,0.7861688973354197,0.7442268014531921,0.7199161968881272,0.7056645719392561,0.6981937094219559,0.6936363168779577,0.6906029701386861
306,0.7814264487369987,0.9262213076195565,0.9375211974535261,0.9496848743311452,0.9547760126235272,0.9576510823299225,0.9597216002851545,0.9610150033012608,0.9619049853930238,0.9625535102867423,0.9630462807334835
307,0.1993763628936599,0.49607247204063726,0.5549305025706037,0.6161062607871948,0.640844736792273,0.6621405183198045,0.6779827166294001,0.6771240571906882,0.6683049334590951,0.6517735753247215,0.6334073492727663
308,0.4626642333191508,0.616061102385489,0.6360433386828827,0.5990360545640065,0.6340558631850566,0.6818678623749034,0.7071236900096476,0.7194884832781892,0.725150273104556,0.731314564665373,0.7394388662409923
309,0.15381356032489787,0.34121010190912854,0.44178674286429553,0.6124590362055546,0.6333450965189463,0.6429902616349478,0.6595689006278483,0.6753253687067654,0.6922441336659879,0.7032599819729495,0.7029230692628217
310,0.490380979194448,0.5992587609625964,0.6098366715015345,0.7488797671402142,0.8476004272734742,0.8946538387442671,0.9213365420101335,0.9356004399856455,0.9445073054754296,0.9506048125680329,0.9550451804036071
311,0.4220556315637124,0.5615881589223612,0.5902703562941711,0.693416059868828,0.7985953147417512,0.851091399866911,0.8772552621583453,0.8934895840747216,0.9036045171162911,0.9104210642993104,0.915342094287663
312,0.7507892785887202,0.9326287833721496,0.9540527834469055,0.9617008539385317,0.947472312117821,0.9319879560317255,0.9153970299791943,0.898892553666291,0.8819947611526593,0.8651036444702236,0.8493605719780584
313,0.6223143454083974,0.8052070070971038,0.8384677400833258,0.8933777030861573,0.8961315350442851,0.8807461224752481,0.8569238324591593,0.8351733192049832,0.8175668272749671,0.8028581465334423,0.7912047215307767
314,0.32662925189639097,0.6755376799449466,0.7347076567327212,0.7742825644658262,0.7712078720785623,0.7662682831300819,0.7655372522881576,0.7697405307520787,0.7775907370520974,0.7831724798286864,0.7920628713525077
315,0.44376024899388755,0.7973588300299613,0.8606574174709822,0.9069093000143471,0.9187678437568539,0.9234075632888878,0.9242339915124826,0.9248564889722451,0.9265884038626817,0.9288967061674134,0.9305638005411647
316,0.22148072810723415,0.4448683954575285,0.4738822526615855,0.4959603902698753,0.5079132201057299,0.5124637072772568,0.535132435572803,0.5676139203216598,0.5975134563179006,0.613377506214881,0.6252684768446116
317,0.406687020079207,0.5181840714637709,0.5214966693596997,0.6278920169962741,0.677307485040916,0.6936235737024852,0.7011198162451182,0.7092417437769282,0.7194695185023067,0.7304233932953205,0.7419334437860712
318,0.3951853756422812,0.7096448188649116,0.7612209876979977,0.7463132399042082,0.73200273346455,0.7245694099840331,0.7217602761960653,0.7231602300802799,0.727393994938554,0.7246309508499933,0.7212501855585319
319,0.7166707254970613,0.8864113502181861,0.9125207037520887,0.9329005091481729,0.9330948573756279,0.9242252846762565,0.9199857895719281,0.9193215563016472,0.9211297461799802,0.9233898540093405,0.9250916291996212
320,0.5076843961686717,0.6225239754396756,0.622224300377528,0.5715397097791368,0.6249742632848292,0.6770325163463993,0.714828627711335,0.7502928436241604,0.7845953713737883,0.8086451696690939,0.8226629320796834
321,0.4716086167483625,0.6002125395407215,0.6035303248978584,0.6175276924840786,0.6589130972928171,0.6722885973271282,0.6764377357637298,0.679550871590097,0.6827311671864933,0.6870204467544233,0.6928597841376316
322,0.11498211193654287,0.3178495642574938,0.3892593795242655,0.4976616476574277,0.5513885084131361,0.587961366124038,0.6064282236609867,0.6165157539167306,0.6217588948828201,0.6263601239452713,0.6311843121940598
323,0.8784090554254489,0.969589767249599,0.9750906216979356,0.9315108872431205,0.8876372282944737,0.8514595433655322,0.8250777017401116,0.803778173467557,0.7866786299634886,0.7752111184862119,0.7665714431776743
324,0.6718212481023113,0.8597219692419048,0.901480012615805,0.8913291517605185,0.8704690867441076,0.8457172376592921,0.8238956389027751,0.803943176705099,0.7857318357238887,0.7701638814767495,0.7561807642116894
325,0.45423991109403156,0.6144819678458775,0.6877710661086583,0.7416778185107217,0.7410991246109463,0.728770807523186,0.7154720479523626,0.7074497650556482,0.7030488427740725,0.6986844312906739,0.6907142405475758
326,0.3863632605820106,0.4819462319174517,0.5496732846911289,0.6160972918035423,0.6193466780434405,0.608812511521727,0.599821832077563,0.5912643822670991,0.5821651097293584,0.5743165189313678,0.5668866017422645
327,0.09848131859167958,0.45029604952370716,0.5903817762289518,0.6957916254418982,0.6841579598084195,0.665783914303295,0.6540443362508651,0.6443662340816337,0.6332135824353861,0.6217869480505701,0.6104528181931429
328,0.1955165714923153,0.2896917068311402,0.3307434005572966,0.4112854122550862,0.4372325231017281,0.4606531775153263,0.4875748071140743,0.5203864968333005,0.5433883057773947,0.5595185753397073,0.5714680608849095
329,0.28009824800258204,0.38640871425950846,0.41458612325166905,0.44304608339433393,0.4410034154835898,0.454826377915435,0.4932531034593724,0.5291585181402859,0.5557829878510454,0.572946534377952,0.5804811765582154
330,0.4805825699549002,0.8075181817455214,0.8644004996561839,0.866229704892673,0.8416944821264566,0.8334617541242644,0.8355183082677013,0.8478950215569083,0.8618631835837212,0.8702512279173744,0.8754771087170624
331,0.7161098149195118,0.8977442127593478,0.9130330071651931,0.9146343719775402,0.9269710071738322,0.9331271403503526,0.9315546932541162,0.9372012031520682,0.9413897770315431,0.9448988276896962,0.9484864340132498
332,0.08749850324265238,0.317740509507219,0.41611932494440657,0.557229575669663,0.6010241547897717,0.6471826461162318,0.6968079196722701,0.7408018053795375,0.7812532715720828,0.8148162697993745,0.8418850245347127
333,0.4410013953426778,0.6136542670032943,0.6488238669457196,0.7766207556960797,0.8259834604900382,0.8483671572420269,0.8527417341810518,0.8496166079861953,0.8463241018309842,0.8447261797332214,0.8437996103320432
334,0.4723281514714028,0.6609939490991394,0.7255559777389717,0.7779019575652436,0.8016096858086704,0.8082509127856358,0.810130825430611,0.8101520438955503,0.8070674090417999,0.801590845948989,0.7950262178590389
335,0.4288957852573883,0.5860067987288573,0.5806326166575965,0.6518337393104797,0.7375033804405291,0.7755290375210909,0.7936236746121051,0.801196328744819,0.8062720164125267,0.8115823663258036,0.8170960920008419
336,0.40226078688153166,0.6053320800675637,0.6282851529098672,0.7716705626007939,0.8559101972469821,0.8898659779331765,0.9079211761967764,0.9196117956584741,0.9274912503853785,0.9332002249440032,0.9375818391202574
337,0.24448577063961677,0.6012043817436571,0.694291583624015,0.8102640349931434,0.8483178409523804,0.8785019930020237,0.8964394746111294,0.9019866647319769,0.9013490196048937,0.8995990314996438,0.8974586891815398
338,0.34559313559037425,0.5532539699341869,0.5908387907983698,0.648039553108672,0.712276514769991,0.7391780342850274,0.7456477089523986,0.7371494759233608,0.723248643221858,0.7122440985992042,0.7049796690040685
339,0.5971874129768866,0.8051804402939345,0.8021076160980549,0.805274393600754,0.8088969494334314,0.8008187769361095,0.795314154938568,0.7973718795529531,0.8046071725987449,0.8138103118976944,0.8212145335471044
340,0.5485358865289218,0.6414115911968767,0.6544714915497528,0.7207092817813883,0.6945936046793578,0.6398438628944662,0.601918709895558,0.5841617757351478,0.5761756254457329,0.5742228741307925,0.5738306379239106
341,0.3968915752548467,0.46728524245066616,0.42502692514693663,0.4433089779328953,0.469428544829978,0.4977751590108346,0.5281021332701173,0.5584289367627648,0.5855103134407103,0.6081552647577572,0.6289712854132784
342,0.7117618596342691,0.8506918626444118,0.88349538349997,0.868819908634897,0.8508207765602384,0.843215705449362,0.8398201404511725,0.8377690934847432,0.8377548062830666,0.8383010839637719,0.8389337058098423
343,0.6704559297701185,0.8904012552612915,0.9285672259657596,0.9106745499999145,0.8817306596957559,0.8688054892215985,0.8649575926430413,0.8640769391138502,0.8649968231866263,0.8636866168223107,0.8622739484240671
344,0.37504480164755033,0.5856818985110323,0.5835804931307256,0.6366709856915979,0.6622789461650886,0.6715052504566901,0.6738754488756399,0.672031013152812,0.6684194083485473,0.6636734936123527,0.655951868999729
345,0.7590914833278924,0.9415428087039145,0.9700679012489609,0.9421451351963473,0.8902030003023502,0.8329470270844364,0.7911335325682786,0.7582759136487406,0.7289893500782211,0.7052481474077372,0.6844183438199731
346,0.6317135339752983,0.8576884874744893,0.8760536427333753,0.873843196453604,0.8599199129969499,0.8364036858833943,0.8086091191080822,0.7765073607039571,0.7480006713611527,0.724200489557641,0.7016946335148957
347,0.5004538816213717,0.633332118754063,0.6742053413842486,0.7189223563113193,0.6986404687834241,0.6686948124315932,0.6544337403550436,0.6514092759017923,0.6501432255464686,0.6512906450893842,0.6526944710964813
348,0.18069317998072607,0.46761797998442045,0.5998756887493102,0.7085910724508864,0.747044511554063,0.7651416098077329,0.7750834325425607,0.7825820328240857,0.7866829663494836,0.7858073569346657,0.7825997608048885
349,0.4404828411811652,0.48700197847206417,0.5714643724768385,0.6738870892202519,0.6721779428095899,0.6518130498611387,0.632251989908931,0.6261798317709065,0.628366662342946,0.6359032525223615,0.6450338862096169
350,0.7904663308158019,0.9398010341609505,0.9386549079676845,0.9399341876110646,0.9509377695974669,0.9540332446134268,0.9534539329598212,0.9516390088950966,0.9496047562512571,0.9487666657518479,0.9484517300521553
351,0.4677410203493016,0.6129412504576932,0.6309751175905018,0.6080099681390599,0.6353537593706178,0.6773033532763292,0.7055138594578941,0.7207112458380116,0.7282082489064284,0.7316382267788931,0.7340913313568421
352,0.7664137579584884,0.9424160151951261,0.9711090939995816,0.9808645394131821,0.9860324064800856,0.9892618288513374,0.9912522258372456,0.992895261801069,0.9939208354005484,0.9947148855815755,0.9952423795152595
353,0.2552662759959419,0.43709813298472217,0.5066428008555942,0.6430217889485969,0.6834777907813672,0.6976554625341226,0.7013679824107736,0.7043026252731329,0.7097715811878638,0.7109227654171714,0.7116524412375812
354,0.43537561312394324,0.5566667656087877,0.6093731209306059,0.6543962787844276,0.6935390156624615,0.7136665198231239,0.7326166678511075,0.7478333036983479,0.753794801710083,0.7536330865777318,0.7503424897236989
355,0.25906525078669157,0.5416458247748379,0.6138988179271523,0.6728903719398575,0.7129743889536319,0.7243582530861598,0.7181261621941611,0.7049909510515432,0.6867432050250714,0.67075408213542,0.6578610917754628
356,0.5121580332306247,0.7298882983155892,0.7558850030416587,0.81481850758878,0.8255786121085275,0.83378073785869,0.8276709646803276,0.8233045853623182,0.822047054428122,0.8230385801378021,0.8245922679030319
357,0.2372322697627629,0.3475906605158713,0.3937528152157934,0.4546008364465009,0.5241043508096476,0.5964439031694548,0.6640581347548594,0.7230949782262319,0.7768700572214806,0.8269387202109357,0.872259749210239
358,0.1482463373317695,0.6415613901742885,0.7373337946624476,0.8120866270335456,0.8277109425905872,0.8277249274730499,0.8212203718487271,0.8119175248150884,0.8038227958381,0.7989949057931676,0.7950774290999583
359,0.7217558241560169,0.9234571496906024,0.9414876642740739,0.8778617269860033,0.8440293769288236,0.8352211724889073,0.839565535932843,0.8445605039215065,0.8492700203202802,0.8536833805189166,0.8578283113028231
360,0.6916687492997945,0.9187484661412181,0.9427282067319421,0.8725864828327099,0.8084203055146527,0.764916138424122,0.7320970777733279,0.700146564529249,0.6686248069156837,0.6437292765054482,0.6234060855510961
361,0.5928484153001998,0.8356046009922741,0.8583120550933243,0.7877052252278487,0.7377910044887992,0.734796445992026,0.7282142672262853,0.7186845418090025,0.7106219522465587,0.7082947987235597,0.7077770215696404
362,0.7214455598558425,0.8798122095351922,0.9074206397905619,0.9040235298544558,0.8997637587176123,0.8958182496744159,0.8863690095359069,0.8805463578458966,0.8714756267993125,0.8608632385069168,0.8495250005070474
363,0.3581491314149002,0.6033909310747384,0.609525338766322,0.6943180686024574,0.7588030436681685,0.7979826419207077,0.820991752494686,0.8295956846263534,0.8343415797218052,0.8384739817285404,0.8404171422426149
364,0.5841247693148486,0.7377123754316646,0.7532042358903995,0.6951139360827199,0.6447427382947666,0.6290769168234761,0.6199650971232321,0.604527898577259,0.5877815233203392,0.5791655455555846,0.5739785538527801
365,0.2901743532437273,0.44716297313309805,0.5790140518573521,0.7384338758850248,0.821662733592758,0.8547443452720216,0.870575176212418,0.879470935497325,0.8837759462186964,0.8856795451659415,0.8861818177094832
366,0.48119489038529084,0.6495986407626004,0.6478572316351195,0.7391380576537686,0.8149188213913087,0.8510134764185605,0.8767792481552846,0.8867194914624088,0.8977810931543768,0.9050076723779875,0.9099914474943139
367,0.31566680376761025,0.4981341667481075,0.5624479554339663,0.5797142305960984,0.5884331604866182,0.6132981484760666,0.6449293763228319,0.6726205345560825,0.6968671550216478,0.7147044120831284,0.729811082893128
368,0.5528492765415811,0.6436861496961549,0.6416427295529251,0.6649407999014539,0.7403674747972444,0.7838808607190852,0.8116932586280237,0.8308432334230313,0.843779489334558,0.8539552465343849,0.8621982425904937
369,0.3222238027632274,0.5658755196449488,0.5639188636212683,0.6446837877790567,0.7303109368666598,0.7822306036919094,0.8213407705361514,0.8483106673550412,0.870627580713014,0.8899059615373142,0.9038855925646531
370,0.48575048376778485,0.6104337731604418,0.6003333173197826,0.6512252456194839,0.7172100601000759,0.738780910407429,0.7310376927634158,0.7096995171892134,0.6916819626322593,0.6773708296360534,0.6661454312177335
371,0.0028735632183908046,0.1546390699329672,0.1809092734725469,0.20517136349869866,0.2131028574729347,0.21810877217602617,0.22555219278470356,0.23476533192087243,0.2361256922150846,0.23820315388380933,0.239808939368064
372,0.6042559520823126,0.862488211162722,0.9155775743226752,0.9129907314709619,0.9015493165321262,0.8876715108675488,0.8709215033718151,0.8508804322719896,0.8321820828949381,0.8193141422130662,0.8116898321547432
373,0.23657395222413655,0.5192095617691762,0.583712425328186,0.6363398249914297,0.6735419330846688,0.7032134806118784,0.728128472568,0.7456618608385824,0.7548078687273021,0.7559539382852432,0.7534129439274813
374,0.4333249629747018,0.6112884418224254,0.629840686389937,0.6080878810400896,0.6553783201404929,0.7058113638461435,0.7380266079552615,0.7596564674478267,0.7742082879810294,0.7837233539882343,0.7890619894644731
375,0.43020525318928127,0.5916016574290691,0.6332604872177954,0.7524643814904829,0.7707297456953391,0.7502796948759961,0.7369570214122957,0.7332585169051515,0.7358619737690509,0.7343765300264021,0.7315516066017771
376,0.47325117849540915,0.6902943990628614,0.7519164030502509,0.8625494762140542,0.9006023265016565,0.9192327977390669,0.9298078303833808,0.9374437171646585,0.9417913509418824,0.9451442850459809,0.9475227305979219
377,0.610801393728223,0.7088692259169004,0.7272511998366823,0.7424610386583422,0.7164872201295975,0.6920762891014127,0.6647423436099462,0.6370388085778069,0.6153864170905888,0.5985314625329551,0.5849738442163557
378,0.29263478794122577,0.37328205039645207,0.44476224549188753,0.5472306023061652,0.5899321157857154,0.6149181661278973,0.6349328236021983,0.6513387323401518,0.660091167026805,0.6646737644557689,0.6671945008461112
379,0.36025603148297036,0.6231981292501271,0.6669715836861249,0.6903183065660251,0.7272558268531423,0.750009473070515,0.7648565309523018,0.7749892626337846,0.7817872054351572,0.7864041704692559,0.7903614418418661
380,0.4998299858724068,0.6248732391505686,0.600906720181571,0.6359719775801328,0.6933962459590653,0.7307144335937872,0.7588235280899076,0.7725695786130135,0.7768545039770437,0.7783291309374112,0.7783068414125666
381,0.6042490058488396,0.8801752555122319,0.922766534041988,0.9287135331409031,0.9277611580630283,0.9259293404658052,0.9234703454997844,0.9262648652255553,0.9296492957120076,0.9333012031949299,0.9370272685524473
382,0.4825643127138584,0.6277738161533,0.639441502288076,0.7537147853548232,0.807271318832053,0.823165073040187,0.8285079761338789,0.8282942361996944,0.8236694873101668,0.8174380604926488,0.8131181532838319
383,0.20406838306262787,0.36257166271019114,0.4122690034332758,0.4736759438081026,0.5234031575554208,0.5784376558849336,0.6208243139588999,0.6535920730004119,0.6792902540677416,0.6989099377468608,0.715988918266858
384,0.5623877408785022,0.8190512016904918,0.8744019221494579,0.9020469316290363,0.90487697969556,0.8886910930402653,0.8629627494152899,0.8452257930770609,0.835188828670762,0.8312439982135003,0.8308739447249613
385,0.32624988637881486,0.5684082467897709,0.5894030483557718,0.6939672496440081,0.8085186314413507,0.853445337158304,0.8583842999482958,0.8479211290128023,0.8361347187347947,0.8268392727247698,0.8207434824940214
386,0.4507582521350296,0.5798059049712523,0.5761380283935607,0.6073998411633056,0.6671113399827858,0.6948711645219591,0.7178963708236183,0.7385158485411363,0.7593929132445579,0.7807670200820332,0.7983463444050694
387,0.36407454294438985,0.6163470977049841,0.6903173956123199,0.73077633234992,0.7986513343583219,0.8596315146532576,0.9005539368614704,0.9237339947118915,0.9384227053151268,0.9475851188406482,0.9538476762586245
388,0.6648094222808063,0.8370978808081734,0.8504896002009413,0.853211638142256,0.8612422885493375,0.859423105758627,0.853970387596919,0.8483611494226856,0.8459016946514777,0.84538836926676,0.8475561051923981
389,0.47328964652987415,0.6103640177064957,0.6212637287714472,0.6530213043776205,0.7435580294235677,0.8040012222406998,0.8399932944205202,0.8647597103087827,0.8795406820655235,0.8889287567967818,0.8956716408811882
390,0.2821498218903354,0.48265437299007313,0.5597607051137382,0.6429776459814209,0.6312229900743241,0.6037658777305308,0.5903293566878012,0.5869817432163942,0.5880219766526843,0.589213978803392,0.5871363578059887
391,0.5144184372502504,0.6068995586178592,0.5912407256655999,0.7046287567039011,0.774641311889564,0.8121454605775431,0.8301672885799795,0.8394555045679679,0.8461260071284731,0.8522458556188639,0.8588043368189399
392,0.1527808783030694,0.3551719687534391,0.4182799387637887,0.5063064889007421,0.6099543350998335,0.6940648308802562,0.7419548685205258,0.7734465736615023,0.7928612843958607,0.8012752512413825,0.8034510267892817
393,0.3458370180620183,0.5243333087923832,0.5313541694257728,0.587458644546092,0.6375741987925614,0.6634373065762474,0.6802314608334379,0.690389281219017,0.6968979027874833,0.6985618470934154,0.7025307834996345
394,0.3692459243516937,0.6873776401946127,0.7558679546355795,0.7726717440235531,0.7669754428748795,0.7530372132350863,0.7389380748820178,0.7251601769713225,0.7137031193405208,0.7038776838057291,0.6933833152825387
395,0.6921026513943437,0.8679379783610507,0.9047315709174696,0.9117246904883086,0.9113961461911656,0.9075964787628714,0.901401242688369,0.8967295116092817,0.8943857864541985,0.8935664810283368,0.8950199204499891
396,0.06034892323122501,0.33811597804724175,0.5224168361327435,0.7630174527603341,0.7890436129964026,0.7633451688397564,0.7298494032778668,0.6991902207441955,0.6726275360530392,0.6477136600104514,0.62269156817952
397,0.0375217791904916,0.37607716022876714,0.4948097743890919,0.6590034417580867,0.6993862438461051,0.7123505345802503,0.7226511028080429,0.7308778642901131,0.7376313756798825,0.7426138462664736,0.7464368324194552
398,0.37685009086619203,0.5141154342126503,0.5596708496283793,0.5946266420440712,0.6106211282238794,0.5908354069305126,0.5691688894939348,0.5579844706592113,0.5533034142881778,0.5525902060553347,0.5533191479735158
399,0.7756664714991366,0.9213352398725296,0.9304657280038687,0.8937087653640612,0.8462117485143082,0.7987763131660282,0.7587190933437343,0.726027672539614,0.7001516749980692,0.6821851038795187,0.6710726193142779
400,0.399013977849919,0.5536058673172566,0.588656869186798,0.6740228112847606,0.6787238993339517,0.6635615914537982,0.6348049737517049,0.600921263822782,0.5711642684006559,0.5479740546398431,0.529360127080833
401,0.5648636837523707,0.8160647182543269,0.8441488969839047,0.8470675803300527,0.8169785608839765,0.8024944967385582,0.7903202107447236,0.7808358943912777,0.7779391125104962,0.776673159171939,0.7771245186680877
402,0.47178981118284113,0.6160254740401158,0.6196935580627873,0.6525073169587667,0.7126044312885117,0.7340233514649209,0.7403682166020935,0.7465084433134812,0.751980033312136,0.7549448567591671,0.7535059611213094
403,0.19066370902832483,0.3651802828073449,0.4001552244096819,0.4309011219735276,0.44848263899338636,0.4755708185033949,0.5100640755915014,0.5393185933722637,0.5548505571645742,0.5589902363525616,0.5570692772971179
404,0.7302915814802267,0.8990660838105313,0.9325953445735736,0.9165608173358684,0.8919270531624641,0.8608121920096192,0.8346238760943212,0.817744145974268,0.8091885672529636,0.8062648086873827,0.8068189725324699
405,0.7722559450855091,0.9181145471899066,0.9421815482395803,0.918759633399131,0.8794471465189548,0.8368620809734582,0.8000194204526697,0.7719435274012301,0.7502960205418499,0.7325851870666293,0.7217575789900282
406,0.025989808951827918,0.3829849529208616,0.4731119689098256,0.6122470211941485,0.721946883092828,0.7821392171075712,0.8224555291357554,0.8424608233889931,0.8493975481521743,0.850776020400139,0.8493712727379324
407,0.08888888888888888,0.19034729958369792,0.24800006808564848,0.33283241178780865,0.3847880301907177,0.4234137751491284,0.4472103811429611,0.4587324786466872,0.4677000497378084,0.4690365263991141,0.4686820816759063
408,0.6998438443287863,0.9173800010320072,0.948809741937042,0.9378463448691058,0.904166678764063,0.8753324734211385,0.8466429565178665,0.8188340595944001,0.7929584161016814,0.7697107257973412,0.7482920529240572
409,0.5568186843942645,0.6548684164345262,0.7018568768122481,0.8287867475479578,0.872474979545898,0.8868592457056558,0.896600142778212,0.9024967356260973,0.9061876904835698,0.9087804647775658,0.910712715335984
410,0.7316025107864988,0.911732434854997,0.9341510286557052,0.8750938982525251,0.8100921342398129,0.7634203251887577,0.7398204333016771,0.7305808965503618,0.7355501097198801,0.7476798015341001,0.7630346054066814
